system,method,scenario_id,split,actual_case,forecast_case,horizon,gamma_Q,cost,perfect_cost,gap_percent,voltage_violation,solve_time_s,avg_step_time_s,max_step_time_s,solver_fail_count,timeout_count,completed,incomplete_reason,seed,solver_kind,solver_window,executed_steps,include_tail,max_steps,final_P_DG_5,final_SOC_BSS_9,step_costs_json,step_times_json,failure_message,diagnostic_case,diagnostic_case_label,modified_property,price_variation,time_coupling,flat_price,relaxed_ramp,relaxed_ramp_value,relaxed_ramp_setting,experiment_tag,source_cache,gap_to_perfect_percent,cost_accounting,certified_global,gurobi_status,mean_num_vars,mean_num_bin_vars,mean_num_constrs,mean_num_qconstrs,mean_num_genconstrs,mean_model_runtime_s,mean_mip_gap,max_mip_gap,mean_model_status,min_model_sol_count
33,MPC-3,80,test_id,id_actual,id_reliable,3,,1750.6988865261387,1369.246408572328,27.858570638979426,,51.231000900268555,1.067312518755595,12.805000066757202,0,0,True,,100080,pure_mpc,4,48,True,,1.0,0.1250000008052981,"[10.482018139143662, 14.052368896214753, 8.368416324427631, 11.555666360304798, 5.607606363758771, 9.201104499587116, 5.545716402509746, 10.481076291921031, 15.405441260602855, 5.951439941151344, 22.225361803920308, 27.206663364914398, 40.980445862796216, 26.457257634046854, 16.66519575758521, 5.837313129066636, 5.813144305224585, 4.579749779686162, 3.3464512541477394, 2.1132487292432884, 0.8801422047048304, 0.0, 0.0, 0.0, 1.2330379320254377, 6.108764882762916, 33.752673003789766, 22.35691814383785, 33.060406163603645, 38.91841369198173, 64.13651672877428, 79.5946397399563, 104.97452735523804, 131.6915575809789, 94.9222869791213, 117.67528952130216, 54.65258367496772, 52.93589535959376, 57.31782922899325, 64.87999558653438, 70.66968459823302, 72.55979420687555, 64.03571792036274, 68.24031938297485, 73.08466817711293, 64.7912945202977, 64.48228202774276, 61.867961814120115]","[0.5039999485015869, 1.4300000667572021, 0.2610001564025879, 7.368000030517578, 0.08300018310546875, 0.7010002136230469, 0.2890000343322754, 0.5869998931884766, 0.24300003051757812, 0.06100010871887207, 0.42100000381469727, 0.2239999771118164, 0.5720000267028809, 1.7060000896453857, 1.5220000743865967, 0.09999990463256836, 0.10299992561340332, 0.48600006103515625, 0.503000020980835, 0.039999961853027344, 0.03500008583068848, 0.47299981117248535, 0.3880000114440918, 0.04400014877319336, 1.5479998588562012, 12.805000066757202, 11.242999792098999, 2.2840001583099365, 1.871999979019165, 0.49900007247924805, 0.1269998550415039, 0.2890000343322754, 0.36100006103515625, 0.37400007247924805, 0.3400001525878906, 0.0820000171661377, 0.1679999828338623, 0.17699980735778809, 0.1549999713897705, 0.14599990844726562, 0.08299994468688965, 0.06800007820129395, 0.14700007438659668, 0.08999991416931152, 0.0840001106262207, 0.08100008964538574, 0.04700016975402832, 0.01699995994567871]",,original,Original,None,High,Strong,False,False,,,mpc_diagnostic,formal/step4_33_main_model_based_raw.csv,27.858570638979426,,,,,,,,,,,,,
33,MPC-3,81,test_id,id_actual,id_reliable,3,,1667.9582633958096,1292.9227935973395,29.006795429369543,,57.13700032234192,1.1903541733821232,9.835999965667725,0,0,True,,100081,pure_mpc,4,48,True,,1.0,0.12500000058713587,"[23.33884271283026, 7.390408816428465, 3.699401771531471, 8.93443076675958, 5.450661963250343, 14.14520746052375, 5.737565109656372, 9.095700733370027, 9.439754879939173, 9.317248530289076, 20.112155833198425, 26.715228198149703, 27.458468670769697, 29.62071317392268, 10.121871532716908, 5.704481545808442, 5.415104064173082, 4.181740518872682, 2.9484729740722564, 1.715301428771817, 0.4822258834713777, 0.0, 0.0, 0.0, 12.423839792106653, 35.772241609514694, 3.699401869669616, 18.43853891215748, 19.313460069585496, 35.38642202217725, 61.300789238477044, 87.90200543783754, 97.56779739148308, 103.04618075989454, 116.6989121309942, 112.77750304094592, 55.66889373535791, 66.0181679097315, 59.95167389291488, 77.0961950509157, 71.97509155253145, 61.191993704990054, 49.728950925218655, 56.06499556556008, 57.327933388668214, 55.14839296073207, 60.271744480934466, 62.162151384905414]","[0.0820000171661377, 3.3259999752044678, 0.09800004959106445, 7.996999979019165, 0.3339998722076416, 1.2260000705718994, 0.09100008010864258, 0.6610000133514404, 1.4520001411437988, 0.9720001220703125, 0.4010000228881836, 0.23199987411499023, 2.238999843597412, 0.4200000762939453, 1.9739999771118164, 0.3900001049041748, 0.13000011444091797, 0.45399999618530273, 0.046000003814697266, 0.46200013160705566, 0.4160001277923584, 0.44700002670288086, 4.397000074386597, 3.2699999809265137, 9.835999965667725, 5.943000078201294, 0.28799986839294434, 2.074000120162964, 2.868000030517578, 1.0769999027252197, 0.437000036239624, 0.1510000228881836, 0.09400010108947754, 0.5090000629425049, 0.10899996757507324, 0.10099983215332031, 0.19499993324279785, 0.09499979019165039, 0.24600005149841309, 0.10899996757507324, 0.09200000762939453, 0.26600003242492676, 0.21300005912780762, 0.2820000648498535, 0.2569999694824219, 0.27899980545043945, 0.07699990272521973, 0.02200007438659668]",,original,Original,None,High,Strong,False,False,,,mpc_diagnostic,formal/step4_33_main_model_based_raw.csv,29.006795429369543,,,,,,,,,,,,,
33,MPC-3,82,test_id,id_actual,id_reliable,3,,1618.251724660957,1264.8465396940937,27.94055831091851,,51.4529983997345,1.0719374666611354,14.340999841690063,0,0,True,,100082,pure_mpc,4,48,True,,1.0,0.1250000024781391,"[21.164019106972173, 4.58127717687117, 4.237034864826845, 4.805004447301543, 5.195224491855499, 8.842902906693404, 6.164347087592464, 13.946681696647607, 11.612423185860006, 10.334146900229378, 19.352682894474718, 22.435058565929495, 30.47539005487299, 24.662072920377895, 32.710471386029326, 8.18428723000262, 5.546259201509577, 5.7277285715849375, 4.494340694051879, 3.2610488170182688, 2.0278530438646274, 0.794753166323405, 0.0, 0.0, 1.233037664253865, 2.466171537664898, 18.440951561296874, 15.654385243693113, 32.48419504357457, 34.31307730816358, 43.688877934058624, 78.23701948097361, 90.94720657236145, 105.37248931292724, 122.63816276992108, 107.09388065519072, 46.966722266149915, 64.43558174903023, 62.95687576798267, 60.52193234823306, 62.362120390659, 58.54338428264624, 52.16307865533275, 54.43324260972327, 64.02372908867939, 58.76931450120859, 69.06454600086943, 60.88673350547301]","[0.26399993896484375, 2.3630001544952393, 3.628000020980835, 0.32899999618530273, 0.34800004959106445, 3.1529998779296875, 0.0690000057220459, 0.307999849319458, 1.1519999504089355, 0.9509999752044678, 1.1599998474121094, 0.8659999370574951, 0.5119998455047607, 1.126000165939331, 0.2350001335144043, 2.682999849319458, 0.11899995803833008, 0.5370001792907715, 0.437999963760376, 0.05000019073486328, 0.04999995231628418, 0.4270000457763672, 0.039999961853027344, 0.442000150680542, 2.6449999809265137, 2.2939999103546143, 14.340999841690063, 4.671999931335449, 1.3650000095367432, 0.8509998321533203, 0.4140000343322754, 0.5419998168945312, 0.30500006675720215, 0.42599987983703613, 0.11500000953674316, 0.12299990653991699, 0.26199984550476074, 0.10199999809265137, 0.18899989128112793, 0.1940000057220459, 0.2709999084472656, 0.10500001907348633, 0.20299983024597168, 0.17299985885620117, 0.2590000629425049, 0.2589998245239258, 0.06599998474121094, 0.026999950408935547]",,original,Original,None,High,Strong,False,False,,,mpc_diagnostic,formal/step4_33_main_model_based_raw.csv,27.94055831091851,,,,,,,,,,,,,
33,MPC-3,83,test_id,id_actual,id_reliable,3,,1699.9911551342036,1322.5368740649549,28.54017067282999,,57.04599857330322,1.1884583036104839,15.615999937057495,0,0,True,,100083,pure_mpc,4,48,True,,1.0,0.12500000072835343,"[17.22111724901206, 9.508726749618866, 4.735440789440922, 4.932727793851666, 7.655447487818503, 5.3435867782300175, 11.302352713955894, 11.653234191184538, 6.16615, 6.957033541349288, 14.98685303464027, 24.27294614820901, 35.662218395945054, 23.609158989352885, 15.717898413198236, 18.26679216730212, 6.013648753266802, 4.780238622376002, 3.5469244914852016, 2.3137063605944013, 1.0805842297036004, 0.0, 0.0, 0.0, 1.2330379239939664, 28.72123120756221, 3.6994019225931853, 12.170584097659278, 32.21083161560226, 48.646087866041825, 62.45512982918797, 87.2329897675786, 112.7678088707163, 117.22389964070793, 133.56576944302623, 113.76993401219757, 51.410253857969344, 41.7570805655694, 59.404902392938915, 63.02261592292367, 56.865600177675475, 62.758635722043955, 64.53189047034198, 67.05815803756214, 63.26342737165204, 62.00681220977322, 59.303004235332054, 59.18528107301832]","[0.7239999771118164, 0.9160001277923584, 5.628999948501587, 0.08299994468688965, 3.741999864578247, 0.3900001049041748, 1.4830000400543213, 0.36699986457824707, 0.7050001621246338, 4.787999868392944, 0.6010000705718994, 0.7100000381469727, 0.6119999885559082, 1.9279999732971191, 6.807999849319458, 0.4629998207092285, 0.13699984550476074, 0.47299981117248535, 0.5139999389648438, 0.4960000514984131, 0.5, 0.053999900817871094, 0.05900001525878906, 0.046000003814697266, 1.6180000305175781, 15.615999937057495, 0.14499998092651367, 2.2269999980926514, 1.556999921798706, 0.45600008964538574, 0.14600014686584473, 0.0969998836517334, 0.38299989700317383, 0.12799978256225586, 0.11399984359741211, 0.12199997901916504, 0.2890000343322754, 0.2349998950958252, 0.26799988746643066, 0.10899996757507324, 0.2910001277923584, 0.2109999656677246, 0.10100007057189941, 0.10899996757507324, 0.21000003814697266, 0.2799999713897705, 0.07899999618530273, 0.026999950408935547]",,original,Original,None,High,Strong,False,False,,,mpc_diagnostic,formal/step4_33_main_model_based_raw.csv,28.54017067282999,,,,,,,,,,,,,
33,MPC-3,84,test_id,id_actual,id_reliable,3,,1798.6969717240127,1379.7734084486979,30.361765251463826,,62.162001848220825,1.2950417051712673,7.006999969482422,0,0,True,,100084,pure_mpc,4,48,True,,1.0,0.12500000114781143,"[11.655567806289627, 14.311011842018518, 3.985095847071901, 4.932727545160164, 10.645077195747982, 8.48353156652071, 6.146199792240929, 9.075404225275197, 8.907879218090798, 13.453599484091637, 19.469943462337778, 25.310760218958336, 22.907544587456556, 29.759123218614008, 14.031487801318875, 6.159752799174465, 5.916450674015457, 4.96004188538894, 3.726713759407092, 2.4934817156840245, 1.2603455903297227, 0.02730546534135357, 0.0, 3.146504687417533e-08, 1.2330379602656676, 28.953951610260436, 1.9141936133780528, 19.928363681322814, 54.52254350074213, 71.97326002277262, 61.81727502109704, 92.68380766956787, 116.63224115458183, 115.3078795725327, 134.5490854727039, 117.99201957399002, 48.69537527103896, 70.74847479734916, 58.406262358540026, 64.52794379999636, 57.11362589164803, 68.14666654820765, 65.11401899931039, 66.81908258660636, 55.73902130606435, 68.87507628132533, 65.60078629372933, 63.7839330049821]","[3.3389999866485596, 3.2960000038146973, 4.585999965667725, 0.34599995613098145, 2.9519999027252197, 3.555000066757202, 0.09400010108947754, 2.865000009536743, 2.2700002193450928, 1.6470000743865967, 0.5099999904632568, 0.30699992179870605, 4.818000078201294, 0.4550001621246338, 1.253999948501587, 0.3819999694824219, 0.09000015258789062, 4.3500001430511475, 0.5410001277923584, 0.0559999942779541, 0.04399991035461426, 0.04500007629394531, 7.006999969482422, 1.8670001029968262, 0.9079999923706055, 6.914999961853027, 0.8700001239776611, 3.4189999103546143, 0.7280001640319824, 0.14100003242492676, 0.14800000190734863, 0.11700010299682617, 0.11999988555908203, 0.1700000762939453, 0.1230001449584961, 0.11800003051757812, 0.2220001220703125, 0.10300016403198242, 0.23199987411499023, 0.11600017547607422, 0.2089998722076416, 0.0970001220703125, 0.13299989700317383, 0.11299991607666016, 0.2800002098083496, 0.11400008201599121, 0.05800008773803711, 0.032000064849853516]",,original,Original,None,High,Strong,False,False,,,mpc_diagnostic,formal/step4_33_main_model_based_raw.csv,30.361765251463826,,,,,,,,,,,,,
33,MPC-3,85,test_id,id_actual,id_reliable,3,,1716.7474073616286,1326.5560508128356,29.413861277079597,,71.21099829673767,1.4835624645153682,17.090999841690063,0,0,True,,100085,pure_mpc,4,48,True,,1.0,0.1250000007396079,"[21.230371346168674, 10.694659090826912, 11.110749488563254, 4.930329669550705, 6.546454202532584, 9.441545402804246, 16.13185251777844, 8.729615484323244, 5.917386319862043, 8.641154076207027, 19.461236861702602, 26.959258835681815, 33.24530053388029, 27.418223996847566, 14.561101768594613, 21.569010994662932, 5.5818916768163485, 4.348515150020343, 3.115234623224338, 1.8820500970622691, 0.6489615712661275, 0.0, 0.0, 0.0, 1.2330379498610387, 44.37074791149921, 23.437190409436813, 15.200204139083336, 13.4113208345978, 62.986702370422194, 63.74835727369536, 84.57529743074225, 109.34178598188981, 116.15066898545909, 117.2108812749415, 101.30004703027292, 50.78136600528996, 53.71374558528984, 62.32440284733289, 52.373430424876325, 67.35957921254803, 63.79449565356049, 64.51456603306139, 70.74743303365642, 54.37567531091623, 51.58256258395033, 49.89776612349032, 60.15123924737893]","[0.08999991416931152, 1.0350000858306885, 7.906999826431274, 0.07699990272521973, 3.0299999713897705, 2.052999973297119, 1.3970000743865967, 1.5280001163482666, 0.07999992370605469, 1.8050000667572021, 0.4789998531341553, 0.2799999713897705, 3.627000093460083, 0.4049999713897705, 2.6419999599456787, 0.557999849319458, 0.3269999027252197, 0.48599982261657715, 0.4849998950958252, 0.04399991035461426, 0.05900001525878906, 0.04799985885620117, 5.977999925613403, 0.4179999828338623, 0.6600000858306885, 3.4129998683929443, 7.48199987411499, 17.090999841690063, 3.305999994277954, 0.5080001354217529, 0.37999987602233887, 0.35700011253356934, 0.3639998435974121, 0.37800002098083496, 0.12400007247924805, 0.1099998950958252, 0.3059999942779541, 0.11800003051757812, 0.10799980163574219, 0.30299997329711914, 0.08700013160705566, 0.32200002670288086, 0.13100004196166992, 0.09999990463256836, 0.312999963760376, 0.29399991035461426, 0.08899998664855957, 0.029000043869018555]",,original,Original,None,High,Strong,False,False,,,mpc_diagnostic,formal/step4_33_main_model_based_raw.csv,29.413861277079597,,,,,,,,,,,,,
33,MPC-3,86,test_id,id_actual,id_reliable,3,,1667.5045179963429,1321.0429915624934,26.22636270331099,,98.48800039291382,2.0518333415190377,34.420000076293945,0,0,True,,100086,pure_mpc,4,48,True,,1.0,0.12500000079512738,"[9.019058233156963, 11.910621754484803, 9.76507655100812, 4.932727334512696, 6.126602691485099, 9.440050567970957, 8.738045322918913, 10.864215934978693, 6.87690735226125, 8.58938971322022, 18.096970953772885, 25.721262382745252, 33.96410452183348, 35.63904929441291, 22.630716749512253, 6.16615, 6.050193629470559, 4.816780654296696, 3.583463679122833, 2.3502427039489695, 1.1171177287751057, 0.0, 0.0, 0.0, 0.675936876474915, 26.753196642163008, 17.07903142545762, 4.375496641008128, 26.67413907952277, 23.266361465322525, 69.33626518851865, 80.26216160915806, 92.92705803231593, 108.18439660644958, 103.39742706213359, 130.11344505012738, 57.160787875147655, 49.13443959963678, 61.05216005490551, 72.17437962347131, 63.80429756773422, 69.98062950285578, 58.28303774683457, 61.19091714342148, 55.49313639941373, 70.30602676407705, 66.63293269418843, 52.8481095921152]","[0.750999927520752, 0.48199987411499023, 5.309000015258789, 0.34800004959106445, 0.0820000171661377, 1.8250000476837158, 11.099999904632568, 0.48000001907348633, 0.7699999809265137, 2.2300000190734863, 0.4679999351501465, 0.7580001354217529, 1.7980000972747803, 0.4289999008178711, 1.5870001316070557, 0.12100005149841309, 0.3489999771118164, 0.5520000457763672, 0.5300002098083496, 0.5959999561309814, 0.4830000400543213, 0.4609999656677246, 0.05500006675720215, 0.46700000762939453, 3.2179999351501465, 34.420000076293945, 17.144999980926514, 0.6649999618530273, 2.6050000190734863, 3.8320000171661377, 0.6619999408721924, 0.6809999942779541, 0.35899996757507324, 0.34800004959106445, 0.38300013542175293, 0.08699989318847656, 0.11400008201599121, 0.2929999828338623, 0.20799994468688965, 0.0969998836517334, 0.1790001392364502, 0.11100006103515625, 0.27699995040893555, 0.2720000743865967, 0.2820000648498535, 0.12399983406066895, 0.06599998474121094, 0.029000043869018555]",,original,Original,None,High,Strong,False,False,,,mpc_diagnostic,formal/step4_33_main_model_based_raw.csv,26.22636270331099,,,,,,,,,,,,,
33,MPC-3,87,test_id,id_actual,id_reliable,3,,1687.1565588312644,1335.3342894852017,26.34713061114437,,81.99900007247925,1.7083125015099843,17.744999885559082,0,0,True,,100087,pure_mpc,4,48,True,,1.0,0.12500000132884959,"[14.83385688272537, 13.034582107292952, 3.5393306215839586, 4.532780422791487, 5.765893076278774, 10.373031510366781, 7.22487660151788, 8.26665208970427, 11.650636965534883, 8.559290313644185, 22.951518329156904, 29.148948487779535, 33.295173422751084, 34.11254640588709, 19.751383465029413, 11.948142451876157, 5.252726359685009, 4.0193754527773295, 3.283672611419597, 2.377472263459825, 1.1443451685221335, 0.0, 0.0, 0.6529268289702473, 1.3502693696519747, 2.583412434132334, 7.075588850814007, 9.422522556210904, 24.451537157079905, 45.46313428126862, 73.08835644824742, 96.75407061457601, 115.71058974721466, 108.16741983183107, 127.94402707886242, 100.8282418839468, 58.50454005824146, 56.87860642017833, 69.93183627427356, 60.34514268799033, 68.12355123178168, 56.07725008650821, 48.818738601504684, 67.05472853748263, 53.814888702620806, 56.26478294914696, 58.76031106255212, 64.02385012639246]","[0.3619999885559082, 3.74399995803833, 0.33099985122680664, 0.34999990463256836, 0.08999991416931152, 3.510999917984009, 3.9240000247955322, 4.2190001010894775, 0.692000150680542, 2.0490000247955322, 0.5240001678466797, 0.28800010681152344, 1.0520000457763672, 0.437000036239624, 0.7919998168945312, 5.111999988555908, 4.4100000858306885, 0.5080001354217529, 0.6699998378753662, 7.934000015258789, 0.5199999809265137, 0.5230000019073486, 6.16700005531311, 3.2850000858306885, 2.7319998741149902, 0.5779998302459717, 17.744999885559082, 4.288999795913696, 1.3240001201629639, 0.5610001087188721, 0.15399980545043945, 0.11100006103515625, 0.125, 0.48600006103515625, 0.13199996948242188, 0.11300015449523926, 0.18799996376037598, 0.18400001525878906, 0.11899995803833008, 0.21199989318847656, 0.14300012588500977, 0.2239999771118164, 0.252000093460083, 0.10300016403198242, 0.2980000972747803, 0.315000057220459, 0.08599996566772461, 0.03099989891052246]",,original,Original,None,High,Strong,False,False,,,mpc_diagnostic,formal/step4_33_main_model_based_raw.csv,26.34713061114437,,,,,,,,,,,,,
33,MPC-3,88,test_id,id_actual,id_reliable,3,,1686.1875810544693,1322.1408773277124,27.5346379473995,,97.70199990272522,2.0354583313067756,20.93399977684021,0,0,True,,100088,pure_mpc,4,48,True,,1.0,0.12500000091097815,"[18.327902610058707, 3.13995483285832, 5.534566398198963, 7.852767057949189, 12.564857293089249, 9.476982198752928, 12.463044257329816, 13.729204344895805, 8.696826648892031, 6.017909552075359, 20.088789705793033, 29.153130411702115, 30.90740540518624, 35.81094080561269, 22.116611724907294, 11.176422638012706, 6.16615, 5.466314149748933, 4.232946700903452, 2.9996752520546828, 1.7667195127709638, 0.5336399655235967, 0.0, 0.0, 27.78094197654205, 2.4661719389869488, 13.913608767684009, 11.69307122786691, 8.773157136682888, 52.40650758330932, 41.00374387293137, 90.21970059383557, 104.88687929136317, 111.31174497813328, 107.57447927950189, 103.54525644129806, 55.063430086709886, 55.045024373095636, 63.22925320697093, 58.46919935778256, 77.01871442067743, 71.58203583755821, 68.60628676698587, 50.095348072896684, 52.3595904641369, 62.23586342434933, 67.02144701401363, 61.663363474840736]","[0.4010000228881836, 6.564000129699707, 6.053999900817871, 11.574000120162964, 2.1670000553131104, 1.8880000114440918, 1.2929999828338623, 0.4100000858306885, 2.422999858856201, 0.08799982070922852, 0.48000001907348633, 0.2990000247955322, 2.863999843597412, 0.4890000820159912, 0.127000093460083, 0.45399999618530273, 0.11800003051757812, 0.6679999828338623, 0.059999942779541016, 0.06000018119812012, 0.07200002670288086, 0.040000200271606445, 5.815000057220459, 0.4460000991821289, 20.93399977684021, 0.5069999694824219, 9.565999984741211, 14.901999950408936, 1.8529999256134033, 0.39800000190734863, 0.75, 0.11600017547607422, 0.38499999046325684, 0.7100000381469727, 0.14700007438659668, 0.12199997901916504, 0.20300006866455078, 0.309999942779541, 0.21599984169006348, 0.309999942779541, 0.10899996757507324, 0.12800002098083496, 0.22699999809265137, 0.3229999542236328, 0.32399988174438477, 0.19099998474121094, 0.07799983024597168, 0.03900003433227539]",,original,Original,None,High,Strong,False,False,,,mpc_diagnostic,formal/step4_33_main_model_based_raw.csv,27.5346379473995,,,,,,,,,,,,,
33,MPC-3,89,test_id,id_actual,id_reliable,3,,1792.3841699733814,1395.1686623015219,28.47078768359075,,60.5799994468689,1.2620833218097687,10.330999851226807,0,0,True,,100089,pure_mpc,4,48,True,,1.0,0.12500000088047777,"[23.507936206666802, 10.819325249266315, 8.256431881696205, 4.932727709624072, 5.261210869945615, 6.952023840668597, 8.580040206547796, 13.965665751495067, 8.489634372333983, 10.787033715777742, 17.74491269663868, 28.677241637706636, 30.30754496672445, 28.216355596934264, 18.624526673344974, 6.083223740321681, 4.849808194924075, 5.024943416718254, 3.7916102391271544, 2.5583731840674244, 1.3252320071007373, 0.09218683049999471, 0.0, 0.0, 0.0, 1.2330379434774135, 42.39129308942564, 33.00717417742304, 41.609693941060684, 52.83131078934422, 55.21947241899162, 114.02496522897609, 83.4504141905704, 119.97340822708343, 126.76012689087678, 125.70385770440241, 58.6411738943547, 46.84222644870943, 63.48906132511836, 69.36247317127344, 65.95893574159764, 62.91824634434138, 69.04565721621813, 74.77291972365154, 62.64807714669315, 62.29620635292734, 60.583405103550064, 50.77304391518366]","[0.30900001525878906, 4.398000001907349, 2.7059998512268066, 0.11400008201599121, 0.39300012588500977, 2.3399999141693115, 10.330999851226807, 0.40000009536743164, 2.4630000591278076, 1.1539998054504395, 0.9679999351501465, 0.31099987030029297, 0.5580000877380371, 0.43400001525878906, 1.5270001888275146, 0.13199996948242188, 0.06800007820129395, 0.48000001907348633, 0.4780001640319824, 3.9589998722076416, 0.056999921798706055, 0.046000003814697266, 0.4960000514984131, 8.023000001907349, 0.5509998798370361, 2.7160000801086426, 4.75600004196167, 2.7809998989105225, 2.192999839782715, 0.6990001201629639, 0.7769999504089355, 0.12599992752075195, 0.6610000133514404, 0.4509999752044678, 0.35700011253356934, 0.08699989318847656, 0.20799994468688965, 0.3730001449584961, 0.2889997959136963, 0.11699986457824707, 0.11300015449523926, 0.28999996185302734, 0.11800003051757812, 0.09200000762939453, 0.28600001335144043, 0.25999999046325684, 0.06699991226196289, 0.06699991226196289]",,original,Original,None,High,Strong,False,False,,,mpc_diagnostic,formal/step4_33_main_model_based_raw.csv,28.47078768359075,,,,,,,,,,,,,
33,MPC-3,90,test_id,id_actual,id_reliable,3,,1706.3695133932881,1328.7701165870474,28.41721017749155,,59.0119993686676,1.2294166535139084,16.5,0,0,True,,100090,pure_mpc,4,48,True,,1.0,0.12500000080856047,"[16.57657626639352, 9.294333541695792, 3.692950455391205, 4.926275692550095, 6.159674681808785, 6.085971252156352, 8.692166496836917, 8.407698168628562, 12.949069242878714, 10.974812772993186, 17.69399534790862, 29.694852590286224, 16.7295343637658, 16.24526223701128, 22.58665002548142, 13.223290651398464, 5.4298688017746475, 5.641601060502554, 4.408393270475937, 3.175108083387132, 1.941919000180926, 0.7088258125839682, 0.0, 0.0, 18.871901578444483, 1.845559775913836, 32.79686310995358, 4.3120190841253345, 33.57660054905122, 55.94544500858958, 43.83137913661931, 93.63819309079176, 96.33677334789637, 120.8816120157388, 115.36044915768717, 120.33762901188294, 44.01046891126645, 53.25841933204487, 68.36144262370185, 59.757191587854116, 69.43845912294186, 52.44734171523193, 61.72515271443709, 70.25492318258051, 66.76774838543078, 63.71264727672358, 68.42327119674083, 65.23919266154965]","[0.49200010299682617, 0.8139998912811279, 0.3299999237060547, 0.11099982261657715, 0.0820000171661377, 0.08600020408630371, 2.496999979019165, 2.4560000896453857, 0.7369999885559082, 0.6659998893737793, 0.440000057220459, 0.2990000247955322, 1.556999921798706, 1.4179999828338623, 1.6640000343322754, 1.500999927520752, 0.41900014877319336, 0.13699984550476074, 0.04900002479553223, 0.08100008964538574, 0.05099987983703613, 0.39999985694885254, 0.04699993133544922, 0.04999995231628418, 16.5, 3.0179998874664307, 15.417999982833862, 0.6470000743865967, 2.941999912261963, 0.49199986457824707, 0.5340001583099365, 0.43000006675720215, 0.3540000915527344, 0.11700010299682617, 0.11899995803833008, 0.12800002098083496, 0.28800010681152344, 0.1919999122619629, 0.11100006103515625, 0.30500006675720215, 0.09799981117248535, 0.3379998207092285, 0.1230001449584961, 0.0989999771118164, 0.18999981880187988, 0.09399986267089844, 0.06200003623962402, 0.029000043869018555]",,original,Original,None,High,Strong,False,False,,,mpc_diagnostic,formal/step4_33_main_model_based_raw.csv,28.41721017749155,,,,,,,,,,,,,
33,MPC-3,91,test_id,id_actual,id_reliable,3,,1744.7135049381511,1352.961137244779,28.95518259239519,,93.03899908065796,1.9383124808470409,20.52500009536743,0,0,True,,100091,pure_mpc,4,48,True,,1.0,0.12500000118108273,"[23.834475077679173, 13.685864788771234, 3.699359119357123, 10.499984887450783, 6.1661071123165865, 11.14516275584992, 12.856963161548656, 8.156321159934079, 9.328155325945755, 8.332529928981357, 15.988124729484538, 34.44070873187147, 42.23079773237474, 27.462111179312984, 20.948270853322693, 5.993696133350401, 4.760287555871307, 4.845874693046804, 3.612555453316048, 2.3793323182182182, 1.1462050784793163, 0.0, 0.0, 0.0, 30.885904688720135, 6.227858327491791, 10.992389958169428, 33.57864441917351, 23.765124619464487, 55.37421611415694, 68.98964162451924, 77.02723222270943, 110.35692739298207, 106.84808405720882, 132.66275147084124, 98.21805339832257, 60.23954266629645, 52.39087328606057, 59.35267330499039, 59.01029722465861, 54.72785699342595, 67.4715450049789, 63.315558748705826, 52.91812240752992, 68.13105996376079, 66.781121567966, 58.61428317078129, 55.3208545287535]","[0.125, 0.3529999256134033, 0.7049999237060547, 11.71399998664856, 1.503000020980835, 1.4500000476837158, 1.1710000038146973, 2.50600004196167, 0.46199989318847656, 1.4819998741149902, 0.6689999103546143, 0.312000036239624, 0.5860002040863037, 1.0199999809265137, 1.1159999370574951, 0.5950000286102295, 0.5929999351501465, 3.0940001010894775, 0.5180001258850098, 0.05299997329711914, 12.255000114440918, 0.6180000305175781, 0.4700000286102295, 5.017999887466431, 20.52500009536743, 8.409000158309937, 6.115999937057495, 4.5849997997283936, 0.9960000514984131, 0.3509998321533203, 0.375, 0.13899993896484375, 0.11299991607666016, 0.7309999465942383, 0.12899994850158691, 0.14499998092651367, 0.11699986457824707, 0.2109999656677246, 0.2799999713897705, 0.27300000190734863, 0.20099997520446777, 0.11599993705749512, 0.20300006866455078, 0.19899988174438477, 0.12899994850158691, 0.1960000991821289, 0.07999992370605469, 0.031999826431274414]",,original,Original,None,High,Strong,False,False,,,mpc_diagnostic,formal/step4_33_main_model_based_raw.csv,28.95518259239519,,,,,,,,,,,,,
33,MPC-3,92,test_id,id_actual,id_reliable,3,,1552.7649357817957,1213.58152547329,27.948959603371193,,80.56799983978271,1.67849999666214,15.944999933242798,0,0,True,,100092,pure_mpc,4,48,True,,1.0,0.12500000095557964,"[5.517877334537035, 16.436116598354342, 9.320412962174412, 11.060028865354166, 7.1841151419008344, 5.774614974694243, 5.491063339759648, 10.329164687447523, 15.288386781784991, 8.468100138525188, 11.084345245901183, 24.320007506571535, 39.40145293972756, 26.562200054161877, 11.868098262768555, 11.333078832869106, 5.036847010148015, 3.8035129065432014, 2.570274802438377, 1.3371326983335523, 0.10408659422872757, 0.0, 0.0, 0.0, 8.810002975393477, 2.054892982907199, 3.2880909096616153, 5.269930354004328, 25.930293330985045, 20.18536542111285, 63.615185473900894, 70.69593565466792, 106.64411028542038, 124.04036366038021, 91.25811545262098, 123.67556518256578, 49.846693306819326, 56.60665803694244, 48.61760451085953, 63.90740842490696, 55.48437573979316, 55.25890773712642, 53.208515931273766, 65.4359173762228, 49.10955908357545, 64.32217443757654, 60.99135353278142, 52.21699830207299]","[5.983000040054321, 0.33899998664855957, 2.1549999713897705, 10.01200008392334, 1.99399995803833, 0.07999992370605469, 0.11500000953674316, 0.6860001087188721, 0.32000017166137695, 0.8949999809265137, 2.4700000286102295, 0.6630001068115234, 1.1150000095367432, 2.263000011444092, 0.4659998416900635, 0.5729999542236328, 0.6429998874664307, 0.05000019073486328, 0.5339999198913574, 0.5240001678466797, 0.4099998474121094, 0.3819999694824219, 6.6529998779296875, 0.40400004386901855, 15.944999933242798, 2.618000030517578, 0.4500000476837158, 2.5889999866485596, 13.51799988746643, 1.315999984741211, 0.4809999465942383, 0.41899991035461426, 0.12400007247924805, 0.3960001468658447, 0.35199999809265137, 0.09500002861022949, 0.21700000762939453, 0.2089998722076416, 0.2630000114440918, 0.26799988746643066, 0.3039999008178711, 0.3280000686645508, 0.3169999122619629, 0.10500001907348633, 0.22900009155273438, 0.20099997520446777, 0.06399989128112793, 0.031000137329101562]",,original,Original,None,High,Strong,False,False,,,mpc_diagnostic,formal/step4_33_main_model_based_raw.csv,27.948959603371193,,,,,,,,,,,,,
33,MPC-3,93,test_id,id_actual,id_reliable,3,,1637.3319171837081,1266.8040880060507,29.249023798215564,,66.00999999046326,1.3752083331346512,13.468999862670898,0,0,True,,100093,pure_mpc,4,48,True,,1.0,0.1250000009784015,"[16.17492914066864, 12.25543418690818, 8.877301187392437, 4.932700350691031, 8.129190617734965, 6.166142183372741, 15.274878196907059, 6.16615, 9.108083337804018, 13.148763223038971, 20.71621280710045, 26.960375747645244, 21.694150079752006, 24.846526866255203, 25.968293434456776, 5.233137448259613, 3.9997880665254644, 4.116346869476281, 2.883084496105489, 1.759641050910573, 0.677582641538365, 0.0, 0.0, 0.0, 1.2330379193661543, 7.042909800496364, 22.111897062545978, 15.269340409639423, 6.16615, 51.13053470789753, 63.676785262415706, 75.30767132604454, 83.22395026415455, 117.3712972916592, 126.91280960186826, 122.08025710170422, 42.427094288219536, 64.74763401538351, 56.70975460734655, 59.41606591465383, 69.87583239648089, 62.43596107275621, 66.44399184906077, 61.15507978478, 66.98454523554581, 54.458599026446116, 47.96118088229533, 54.100825430404115]","[0.7739999294281006, 0.6540000438690186, 2.631999969482422, 0.08799982070922852, 3.0810000896453857, 0.0710000991821289, 1.4270000457763672, 0.3489999771118164, 1.9530000686645508, 1.2690000534057617, 0.6410000324249268, 0.3080000877380371, 3.265000104904175, 1.8950002193450928, 3.109999895095825, 0.375, 0.6510000228881836, 0.6500000953674316, 0.06100010871887207, 4.224999904632568, 8.519999980926514, 0.5320000648498535, 0.3919999599456787, 0.05499982833862305, 0.8630001544952393, 13.468999862670898, 3.625, 2.3440001010894775, 4.58899998664856, 0.5249998569488525, 0.1770000457763672, 0.11899995803833008, 0.7330000400543213, 0.4309999942779541, 0.10599994659423828, 0.10899996757507324, 0.3320000171661377, 0.10199999809265137, 0.2049999237060547, 0.11500000953674316, 0.10800004005432129, 0.18199992179870605, 0.18999981880187988, 0.21300005912780762, 0.11699986457824707, 0.22900009155273438, 0.08599996566772461, 0.06299996376037598]",,original,Original,None,High,Strong,False,False,,,mpc_diagnostic,formal/step4_33_main_model_based_raw.csv,29.249023798215564,,,,,,,,,,,,,
33,MPC-3,94,test_id,id_actual,id_reliable,3,,1653.5192611214925,1310.6801597600784,26.157342720757388,,67.58900141716003,1.408104196190834,16.29800009727478,0,0,True,,100094,pure_mpc,4,48,True,,1.0,0.12500000072712214,"[21.692775432894514, 5.425861649543442, 3.5834274461468167, 11.290792043456248, 9.107272772858515, 5.625689374865625, 6.261028453051241, 10.645220707528647, 12.5234795386596, 12.867821968772246, 21.26227081874209, 26.346829161526188, 41.61517385382555, 29.499044103297997, 17.461866346750693, 16.902229093723953, 5.1501045072038485, 4.921447896932978, 3.6881227749231735, 2.4548937616791644, 1.2217606406631967, 0.0, 0.0, 0.0, 1.2330379411895933, 2.4661718923435383, 3.6994017801954393, 18.88929786089332, 6.16615, 32.41057508283483, 67.59465591843289, 86.81209253675327, 103.90116633442236, 118.76609251553884, 112.20552872609063, 105.04250407711001, 53.56541397038842, 59.688088194434506, 50.69640521414529, 52.870319772925725, 68.08675337199327, 61.1904903369987, 68.44538294860969, 55.486571353876116, 61.03841068947116, 53.3868866761693, 71.87290157005553, 68.45785000957427]","[0.10800004005432129, 2.38700008392334, 0.3690001964569092, 16.29800009727478, 12.19100022315979, 0.29000020027160645, 1.8350000381469727, 1.8440001010894775, 0.34800004959106445, 1.6380000114440918, 0.49200010299682617, 0.2949998378753662, 0.627000093460083, 0.38699984550476074, 0.4630000591278076, 0.4549999237060547, 0.5449998378753662, 5.074000120162964, 0.5279998779296875, 0.051000118255615234, 0.05200004577636719, 0.5289998054504395, 0.4679999351501465, 5.865000009536743, 1.6390001773834229, 0.6940000057220459, 0.33500003814697266, 4.984000205993652, 1.8220000267028809, 1.0520000457763672, 0.3539998531341553, 0.3819999694824219, 0.10699987411499023, 0.5269999504089355, 0.12600016593933105, 0.13499999046325684, 0.1119999885559082, 0.10900020599365234, 0.32899999618530273, 0.31599998474121094, 0.18799996376037598, 0.13400006294250488, 0.10899996757507324, 0.21600008010864258, 0.3190000057220459, 0.35500001907348633, 0.07300019264221191, 0.03299999237060547]",,original,Original,None,High,Strong,False,False,,,mpc_diagnostic,formal/step4_33_main_model_based_raw.csv,26.157342720757388,,,,,,,,,,,,,
33,MPC-3,95,test_id,id_actual,id_reliable,3,,1603.4040323552476,1261.4841912567745,27.104568053114473,,62.486000537872314,1.30179167787234,8.971999883651733,0,0,True,,100095,pure_mpc,4,48,True,,1.0,0.12500000082673807,"[15.286355845240099, 3.4468774403619578, 4.658552455871427, 4.932727723470603, 5.402543211280874, 6.309714081241086, 5.280551312988484, 6.166080601505607, 8.953035019136621, 14.327566076159147, 18.20519087133033, 29.283721188340877, 27.133748210218926, 35.861562393063444, 14.772951037245788, 15.960480663185276, 5.0364543766886865, 3.906760430479636, 2.785073504655001, 3.3085124793310827, 2.07553271379767, 0.8424291254214663, 0.0, 0.0, 1.233037644411797, 2.4116373268886986, 3.644862953872509, 6.645374705587842, 16.63177861682747, 52.76090626197611, 62.15264407101722, 81.1074141289556, 97.37015270042306, 106.39548033431386, 96.46303531473887, 129.93003744563856, 64.73712220058262, 49.543997364417635, 46.27242649893248, 64.73337490065322, 59.52974602882731, 61.54233352764876, 50.34364264789429, 64.48773369357217, 49.873473382800256, 69.40358771926373, 65.12341680549072, 67.13039531949896]","[0.3399999141693115, 8.182999849319458, 3.421999931335449, 0.09800004959106445, 0.3660001754760742, 3.609999895095825, 0.3920001983642578, 0.08500003814697266, 0.4739999771118164, 1.5310001373291016, 0.5080001354217529, 0.307999849319458, 2.0349998474121094, 0.11599993705749512, 0.5659999847412109, 0.4720001220703125, 1.8250000476837158, 5.414000034332275, 6.331999778747559, 2.243000030517578, 0.05900001525878906, 0.0410001277923584, 0.06399989128112793, 8.971999883651733, 2.455000162124634, 0.5910000801086426, 0.5550000667572021, 3.056999921798706, 3.429999828338623, 0.3940000534057617, 0.39300012588500977, 0.37400007247924805, 0.11599993705749512, 0.4719998836517334, 0.6979999542236328, 0.08899998664855957, 0.1360001564025879, 0.3059999942779541, 0.3490002155303955, 0.10199999809265137, 0.2820000648498535, 0.20000004768371582, 0.2839999198913574, 0.20600008964538574, 0.3080000877380371, 0.12800002098083496, 0.07599997520446777, 0.029000043869018555]",,original,Original,None,High,Strong,False,False,,,mpc_diagnostic,formal/step4_33_main_model_based_raw.csv,27.104568053114473,,,,,,,,,,,,,
33,MPC-3,96,test_id,id_actual,id_reliable,3,,1666.507291289621,1320.79308640732,26.174743677881875,,126.76899981498718,2.6410208294788995,19.924999952316284,0,0,True,,100096,pure_mpc,4,48,True,,1.0,0.12500000077525425,"[15.213147200714408, 14.908710006006341, 6.8806992340274995, 8.551004242978324, 6.275502737036822, 7.839208416998188, 6.114239602484801, 8.065611534810621, 7.5107329252160735, 6.703946606260821, 15.882793113418202, 23.909839522253876, 34.40906984875981, 14.394403379463979, 25.6229254408646, 5.708463853047679, 5.46317415032656, 4.229980629432356, 2.9967093296787755, 2.5120784028987244, 1.2789408292102564, 0.04589925652157223, 0.0, 5.5998956944043385, 2.0052647797939107, 6.113792989224332, 11.82016411379616, 5.705135136834062, 7.877862729725372, 51.27101041419049, 77.71860781030848, 92.01812752101732, 101.16460073731086, 103.55794502309091, 112.41807934290864, 103.42084075330767, 43.367295356692395, 65.92411952752845, 62.96503875808186, 62.230544504429574, 66.96436508515464, 66.69440510245428, 60.441446632210855, 73.72370145550096, 75.04157100060696, 65.10438598231012, 52.09336857440538, 66.74864200192245]","[0.33700013160705566, 0.49000000953674316, 3.9660000801086426, 10.38100004196167, 3.00600004196167, 10.109999895095825, 0.07300019264221191, 2.857999801635742, 1.746999979019165, 2.2679998874664307, 1.0260000228881836, 0.2969999313354492, 0.9340000152587891, 2.689000129699707, 1.7569999694824219, 0.1380000114440918, 0.40399980545043945, 0.06999993324279785, 0.6789999008178711, 6.2200000286102295, 0.5220000743865967, 0.03900003433227539, 0.046000003814697266, 6.769999980926514, 4.431999921798706, 19.062999963760376, 19.924999952316284, 19.914000034332275, 2.0369999408721924, 0.6789999008178711, 0.125, 0.13100004196166992, 0.11599993705749512, 0.7060000896453857, 0.7070000171661377, 0.16100001335144043, 0.4200000762939453, 0.10599994659423828, 0.20300006866455078, 0.10800004005432129, 0.12199997901916504, 0.12199997901916504, 0.3190000057220459, 0.0820000171661377, 0.11600017547607422, 0.22299981117248535, 0.08599996566772461, 0.03900003433227539]",,original,Original,None,High,Strong,False,False,,,mpc_diagnostic,formal/step4_33_main_model_based_raw.csv,26.174743677881875,,,,,,,,,,,,,
33,MPC-3,97,test_id,id_actual,id_reliable,3,,1654.6971871283629,1258.228083921786,31.510113966842766,,51.596999168395996,1.0749374826749165,8.962000131607056,0,0,True,,100097,pure_mpc,4,48,True,,1.0,0.12500000061326128,"[23.476892858265742, 8.775729756383043, 3.6994013495100826, 4.930032029035361, 5.846988293947201, 7.045442308096641, 5.500041417049857, 10.672973387248843, 6.153630101225126, 13.81882028139338, 19.559469016234722, 24.03150567519046, 36.33583635830905, 27.693220798073902, 18.895763562431654, 9.282945659071377, 5.948201211585672, 4.7147961744851, 3.5877245171095797, 2.354503210264037, 1.1213779044186731, 0.0, 0.0, 0.0, 0.0, 12.88901659805693, 19.438383347446326, 29.479482042554928, 39.917760801614754, 58.96819014102168, 56.57794315533095, 82.00604242891023, 88.1543477743193, 120.47599730916971, 118.48136326023844, 107.85428341878061, 43.071272516101786, 48.087962312977965, 46.07812268156374, 64.38704971488481, 58.885974385473205, 64.22765286714662, 68.18184824533661, 52.73081058767631, 64.6222885313258, 54.34694063166778, 55.217778201185055, 57.1713803062499]","[0.1119999885559082, 0.809999942779541, 0.4269998073577881, 0.10899996757507324, 0.08999991416931152, 8.962000131607056, 0.10199999809265137, 2.251999855041504, 0.08899998664855957, 0.3260002136230469, 0.4200000762939453, 0.4630000591278076, 1.183000087738037, 0.2820000648498535, 2.4579999446868896, 2.7119998931884766, 0.11599993705749512, 0.5509998798370361, 3.823000192642212, 0.5, 0.0410001277923584, 0.49000000953674316, 0.05299997329711914, 0.505000114440918, 5.824999809265137, 3.485999822616577, 5.059000015258789, 3.56499981880188, 2.253000020980835, 0.559999942779541, 0.5190000534057617, 0.40200018882751465, 0.1399998664855957, 0.11800003051757812, 0.12299990653991699, 0.10199999809265137, 0.3529999256134033, 0.29400014877319336, 0.2369999885559082, 0.13899993896484375, 0.31399989128112793, 0.21900010108947754, 0.10799980163574219, 0.28799986839294434, 0.22499990463256836, 0.3040001392364502, 0.06299996376037598, 0.02499985694885254]",,original,Original,None,High,Strong,False,False,,,mpc_diagnostic,formal/step4_33_main_model_based_raw.csv,31.510113966842766,,,,,,,,,,,,,
33,MPC-3,98,test_id,id_actual,id_reliable,3,,1631.8100350027046,1287.9623570504841,26.697028532701342,,40.756999254226685,0.8491041511297226,7.523000001907349,0,0,True,,100098,pure_mpc,4,48,True,,1.0,0.12500000063582978,"[19.0479503083156, 10.594131658865935, 6.372050080279016, 4.93272754387705, 5.395468414459589, 5.379866711039984, 5.668918800184031, 9.44055903929555, 14.2620776523937, 13.237726039551553, 16.665328661072135, 29.481094347911338, 35.48962444155661, 21.633624323271555, 30.796386518604038, 11.295265899628781, 5.557658916614759, 4.3242843582236095, 3.0911790667832486, 1.8579964132081783, 0.6249097599990523, 0.0, 0.0, 0.7931578504158086, 1.600709595820401, 2.8270796964187683, 4.060337614544254, 4.532408194429961, 9.568557930305978, 43.605024094436175, 69.18685374449117, 81.35389585868428, 108.79561593671792, 114.76207332517983, 106.6822629092635, 110.8005904725209, 48.6048742932205, 52.061950314971796, 59.76635012249404, 66.60931532691224, 54.567214385372466, 64.6695345423211, 62.32949774124623, 57.699128102007975, 49.37250750169937, 69.70726518334357, 67.34822246441765, 65.3567788463331]","[0.7460000514984131, 1.2589998245239258, 5.562000036239624, 0.39999985694885254, 0.2649998664855957, 0.3509998321533203, 0.28999996185302734, 0.6740000247955322, 1.0939998626708984, 1.935999870300293, 1.5989999771118164, 0.30499982833862305, 0.8480000495910645, 0.46000003814697266, 0.9320001602172852, 1.4930000305175781, 0.12100005149841309, 0.051999807357788086, 0.0559999942779541, 0.06299996376037598, 0.04500007629394531, 0.502000093460083, 7.523000001907349, 2.80400013923645, 2.2079999446868896, 1.1929998397827148, 0.4849998950958252, 0.6460001468658447, 0.9549999237060547, 1.3680000305175781, 0.17499995231628418, 0.13499999046325684, 0.3619999885559082, 0.40200018882751465, 0.6789999008178711, 0.11999988555908203, 0.23200011253356934, 0.3059999942779541, 0.31599998474121094, 0.20799994468688965, 0.2929999828338623, 0.23200011253356934, 0.20399999618530273, 0.3040001392364502, 0.3280000686645508, 0.13399982452392578, 0.059999942779541016, 0.032000064849853516]",,original,Original,None,High,Strong,False,False,,,mpc_diagnostic,formal/step4_33_main_model_based_raw.csv,26.697028532701342,,,,,,,,,,,,,
33,MPC-3,99,test_id,id_actual,id_reliable,3,,1722.955718651368,1329.4121074740826,29.602830376280263,,66.84800004959106,1.3926666676998138,9.657999992370605,0,0,True,,100099,pure_mpc,4,48,True,,1.0,0.12500000088715263,"[14.449656383225308, 12.27954623249995, 6.791290344504567, 4.5847439642221515, 11.34509733854846, 6.023482096755191, 9.713175497846, 12.052238369171056, 15.357707412265256, 15.365862013355198, 22.09211307757927, 32.579198492655664, 33.4780391534314, 29.10556920446367, 22.668692769680177, 5.969351409742737, 4.735944727017293, 4.936306618061052, 3.702980340018365, 2.68478639542989, 1.451635376987237, 0.21858035854458405, 0.0, 0.0, 0.6898160677656588, 1.9229076788100368, 34.49752832212175, 39.41399831245822, 36.108879707178865, 26.328175498434454, 60.428339179415396, 87.4532711343754, 83.62099975509054, 117.70521323579813, 124.49394862026728, 127.02142551353724, 44.14764446129651, 64.01677198121132, 56.770094286904786, 49.25263777872975, 57.985117611578254, 61.7675197288009, 61.82370216823527, 53.75804330504756, 65.0729956912171, 74.03556388577803, 67.9388779813022, 55.11624917000919]","[0.7100000381469727, 3.017000198364258, 3.7109999656677246, 0.3689999580383301, 9.657999992370605, 0.08999991416931152, 5.72599983215332, 0.3509998321533203, 1.7880001068115234, 0.6949999332427979, 0.3659999370574951, 0.24699997901916504, 2.3910000324249268, 0.3470001220703125, 1.5460000038146973, 2.8889999389648438, 0.05200004577636719, 0.22799992561340332, 0.046000003814697266, 8.490999937057495, 0.48600006103515625, 0.4330000877380371, 6.01200008392334, 0.40600013732910156, 3.0209999084472656, 0.6110000610351562, 2.7990000247955322, 3.36899995803833, 2.127000093460083, 1.3240001201629639, 0.3379998207092285, 0.10500001907348633, 0.3959999084472656, 0.312000036239624, 0.11100006103515625, 0.09299993515014648, 0.2630000114440918, 0.10599994659423828, 0.25999999046325684, 0.33099985122680664, 0.2070000171661377, 0.1790001392364502, 0.27499985694885254, 0.28600001335144043, 0.10400009155273438, 0.09600019454956055, 0.05499982833862305, 0.02500009536743164]",,original,Original,None,High,Strong,False,False,,,mpc_diagnostic,formal/step4_33_main_model_based_raw.csv,29.602830376280263,,,,,,,,,,,,,
33,Perfect-Global,80,test_id,id_actual,perfect_full_horizon,48,,1369.246408572328,1369.246408572328,0.0,,1801.005000114441,37.520937502384186,1801.005000114441,0,1,True,,100080,perfect_global_clean,48,48,True,,1.0,0.12500000000805542,"[21.071566241437086, 22.698221129142638, 18.172894586890607, 15.777172444444446, 7.706986995446017, 10.442730097110879, 6.16615, 9.758023907255833, 12.601829764739563, 6.16615, 11.669840669161788, 9.457368989569812, 40.98044573940581, 12.447780772559048, 6.16615, 6.16615, 6.16615, 6.16615, 4.932728, 4.0440637899558975, 2.8108069623155187, 1.9410214126652159, 3.061680945146369, 4.2949573020919996, 5.5283296595375715, 6.16615, 6.16615, 6.16615, 6.16615, 6.16615, 20.016657540908653, 35.0651713444598, 60.09969840530711, 89.8355107311459, 62.78159649899418, 95.41301522171266, 54.65258331081506, 52.93589503911186, 56.583412106167486, 60.277289713186555, 62.777950301586756, 65.83201853483378, 60.171507460835564, 62.3381133585304, 63.47775956634597, 60.467861305265465, 60.28713276295655, 59.007135961288036]","[37.520937502384186, 37.520937502384186, 37.520937502384186, 37.520937502384186, 37.520937502384186, 37.520937502384186, 37.520937502384186, 37.520937502384186, 37.520937502384186, 37.520937502384186, 37.520937502384186, 37.520937502384186, 37.520937502384186, 37.520937502384186, 37.520937502384186, 37.520937502384186, 37.520937502384186, 37.520937502384186, 37.520937502384186, 37.520937502384186, 37.520937502384186, 37.520937502384186, 37.520937502384186, 37.520937502384186, 37.520937502384186, 37.520937502384186, 37.520937502384186, 37.520937502384186, 37.520937502384186, 37.520937502384186, 37.520937502384186, 37.520937502384186, 37.520937502384186, 37.520937502384186, 37.520937502384186, 37.520937502384186, 37.520937502384186, 37.520937502384186, 37.520937502384186, 37.520937502384186, 37.520937502384186, 37.520937502384186, 37.520937502384186, 37.520937502384186, 37.520937502384186, 37.520937502384186, 37.520937502384186, 37.520937502384186]",,original,Original,None,High,Strong,False,False,,,mpc_diagnostic,formal/step7b_33_perfect_global_raw.csv,0.0,full_day_optimization_objective,False,9,11378,0,6482,4752,48,1801.005000114441,0.0012562808147885654,0.0012562808147885654,9,3
33,Perfect-Global,81,test_id,id_actual,perfect_full_horizon,48,,1292.9227935973395,1292.9227935973395,0.0,,1800.8949999809265,37.51864583293597,1800.8949999809265,0,1,True,,100081,perfect_global_clean,48,48,True,,1.0,0.12500000000808306,"[28.304214684408855, 17.592303613219535, 14.460501297681173, 13.719272757481324, 7.033586962859625, 13.47394460106904, 6.281545449144475, 8.303684639992975, 9.486405485946129, 8.204879444632795, 10.763480138175975, 8.795325709560665, 27.458468475623818, 15.84275096596631, 6.16615, 6.16615, 6.16615, 6.16615, 5.732822299987547, 4.49943402700271, 4.138088020805701, 2.904823874375054, 2.607721481245043, 3.8409624994533935, 5.074299518161686, 6.16615, 6.16615, 6.16615, 6.16615, 6.16615, 17.364433553058646, 43.322322395619246, 52.606334104482556, 58.861342731287465, 84.77806373800297, 92.19756462837519, 55.668893180015964, 61.52756804100505, 54.40300934649778, 64.51362950162053, 62.306801308846325, 55.78382270181874, 48.17556902554007, 52.62126555759842, 53.733879798413085, 51.123385517637416, 54.81541159862924, 55.10563092209688]","[37.51864583293597, 37.51864583293597, 37.51864583293597, 37.51864583293597, 37.51864583293597, 37.51864583293597, 37.51864583293597, 37.51864583293597, 37.51864583293597, 37.51864583293597, 37.51864583293597, 37.51864583293597, 37.51864583293597, 37.51864583293597, 37.51864583293597, 37.51864583293597, 37.51864583293597, 37.51864583293597, 37.51864583293597, 37.51864583293597, 37.51864583293597, 37.51864583293597, 37.51864583293597, 37.51864583293597, 37.51864583293597, 37.51864583293597, 37.51864583293597, 37.51864583293597, 37.51864583293597, 37.51864583293597, 37.51864583293597, 37.51864583293597, 37.51864583293597, 37.51864583293597, 37.51864583293597, 37.51864583293597, 37.51864583293597, 37.51864583293597, 37.51864583293597, 37.51864583293597, 37.51864583293597, 37.51864583293597, 37.51864583293597, 37.51864583293597, 37.51864583293597, 37.51864583293597, 37.51864583293597, 37.51864583293597]",,original,Original,None,High,Strong,False,False,,,mpc_diagnostic,formal/step7b_33_perfect_global_raw.csv,0.0,full_day_optimization_objective,False,9,11378,0,6482,4752,48,1800.8949999809265,0.0014341507161384534,0.0014341507161384534,9,4
33,Perfect-Global,82,test_id,id_actual,perfect_full_horizon,48,,1264.8465396940937,1264.8465396940937,0.0,,1800.8680000305176,37.518083333969116,1800.8680000305176,0,1,True,,100082,perfect_global_clean,48,48,True,,1.0,0.1250000000080796,"[27.888971592317667, 17.400302391162967, 16.709472516548985, 11.611508724055122, 6.290173054249786, 11.03797760092926, 9.55350166105217, 13.098149680937453, 11.16587442099366, 10.434921109326407, 11.13634357502426, 6.16615, 30.47538987707607, 10.270841906682817, 6.16615, 6.16615, 6.16615, 6.16615, 6.16615, 6.024562848958021, 4.791151868623851, 3.5578368897896686, 3.345238252072348, 4.578536682186892, 5.811931112801377, 6.16615, 6.16615, 6.16615, 6.16615, 6.16615, 6.16615, 33.715621425195955, 46.014671977805094, 60.24786779290641, 93.1988729716389, 86.11816425057319, 46.96672562179359, 60.83992602201656, 56.20956624629856, 55.08749667644497, 55.99708233236431, 54.551703374624395, 50.501509839355535, 51.181363140864875, 56.83466213835904, 54.14528508950046, 59.509742421345635, 54.549792608217295]","[37.518083333969116, 37.518083333969116, 37.518083333969116, 37.518083333969116, 37.518083333969116, 37.518083333969116, 37.518083333969116, 37.518083333969116, 37.518083333969116, 37.518083333969116, 37.518083333969116, 37.518083333969116, 37.518083333969116, 37.518083333969116, 37.518083333969116, 37.518083333969116, 37.518083333969116, 37.518083333969116, 37.518083333969116, 37.518083333969116, 37.518083333969116, 37.518083333969116, 37.518083333969116, 37.518083333969116, 37.518083333969116, 37.518083333969116, 37.518083333969116, 37.518083333969116, 37.518083333969116, 37.518083333969116, 37.518083333969116, 37.518083333969116, 37.518083333969116, 37.518083333969116, 37.518083333969116, 37.518083333969116, 37.518083333969116, 37.518083333969116, 37.518083333969116, 37.518083333969116, 37.518083333969116, 37.518083333969116, 37.518083333969116, 37.518083333969116, 37.518083333969116, 37.518083333969116, 37.518083333969116, 37.518083333969116]",,original,Original,None,High,Strong,False,False,,,mpc_diagnostic,formal/step7b_33_perfect_global_raw.csv,0.0,full_day_optimization_objective,False,9,11378,0,6482,4752,48,1800.8680000305176,0.001425738366852542,0.001425738366852542,9,3
33,Perfect-Global,83,test_id,id_actual,perfect_full_horizon,48,,1322.5368740649549,1322.5368740649549,0.0,,1801.6689999103546,37.53477083146572,1801.6689999103546,0,1,True,,100083,perfect_global_clean,48,48,True,,1.0,0.12500000000806444,"[24.36553305754055, 19.224633284773102, 16.23991004719391, 12.526585675322485, 10.132239838949225, 6.16615, 10.783487011615673, 9.854607758044187, 6.355153360303233, 8.02977241054357, 7.437686565124748, 7.289968760483144, 35.662217957596006, 10.344971741105338, 6.16615, 6.16615, 6.16615, 6.16615, 4.932728, 4.84223653552854, 3.940563821003503, 2.707315049789431, 2.558241403144703, 3.791478569486524, 5.024811736328286, 6.16615, 6.16615, 6.16615, 6.16615, 6.16615, 18.575293174674172, 42.48821515101894, 67.40206569128918, 71.58761015575547, 100.34492410068688, 88.17364695689896, 51.41025360173322, 41.75708041156447, 55.754690056338035, 58.120822658656635, 54.569433666998535, 57.40845422540064, 58.67686488179115, 60.85142882239937, 57.933644058042304, 57.592091418747025, 55.79719589692246, 56.38751655216123]","[37.53477083146572, 37.53477083146572, 37.53477083146572, 37.53477083146572, 37.53477083146572, 37.53477083146572, 37.53477083146572, 37.53477083146572, 37.53477083146572, 37.53477083146572, 37.53477083146572, 37.53477083146572, 37.53477083146572, 37.53477083146572, 37.53477083146572, 37.53477083146572, 37.53477083146572, 37.53477083146572, 37.53477083146572, 37.53477083146572, 37.53477083146572, 37.53477083146572, 37.53477083146572, 37.53477083146572, 37.53477083146572, 37.53477083146572, 37.53477083146572, 37.53477083146572, 37.53477083146572, 37.53477083146572, 37.53477083146572, 37.53477083146572, 37.53477083146572, 37.53477083146572, 37.53477083146572, 37.53477083146572, 37.53477083146572, 37.53477083146572, 37.53477083146572, 37.53477083146572, 37.53477083146572, 37.53477083146572, 37.53477083146572, 37.53477083146572, 37.53477083146572, 37.53477083146572, 37.53477083146572, 37.53477083146572]",,original,Original,None,High,Strong,False,False,,,mpc_diagnostic,formal/step7b_33_perfect_global_raw.csv,0.0,full_day_optimization_objective,False,9,11378,0,6482,4752,48,1801.6689999103546,0.0012807410992522004,0.0012807410992522004,9,3
33,Perfect-Global,84,test_id,id_actual,perfect_full_horizon,48,,1379.7734084486979,1379.7734084486979,0.0,,1800.398999929428,37.508312498529754,1800.398999929428,0,1,True,,100084,perfect_global_clean,48,48,True,,1.0,0.125000000008059,"[20.570295207793517, 22.978438731352608, 15.326204342255615, 11.7239459123228, 12.477033845147378, 9.424160450303368, 7.382360891723558, 9.172581341393585, 8.462138562915577, 10.721054087366799, 10.055925801753384, 8.296797670751797, 22.907545915835826, 15.105829545480704, 6.16615, 6.16615, 6.16615, 6.16615, 5.137592832694329, 3.9042508874923496, 2.6710049425655806, 1.4378549990839025, 2.6710049428020297, 3.904250887755008, 5.137592832966434, 6.16615, 4.932728, 6.16615, 6.16615, 20.46657534856072, 17.79721852456107, 48.000718820907586, 71.30372371417047, 69.67842901236394, 98.4336485270218, 88.12734921896225, 48.695374916614504, 66.90825379497021, 55.94358249006974, 58.799288452016725, 55.84893038187819, 62.43859680881231, 60.316649569759974, 61.80617835377352, 54.56860293500281, 62.92682209209301, 60.406893551760575, 59.74292930364247]","[37.508312498529754, 37.508312498529754, 37.508312498529754, 37.508312498529754, 37.508312498529754, 37.508312498529754, 37.508312498529754, 37.508312498529754, 37.508312498529754, 37.508312498529754, 37.508312498529754, 37.508312498529754, 37.508312498529754, 37.508312498529754, 37.508312498529754, 37.508312498529754, 37.508312498529754, 37.508312498529754, 37.508312498529754, 37.508312498529754, 37.508312498529754, 37.508312498529754, 37.508312498529754, 37.508312498529754, 37.508312498529754, 37.508312498529754, 37.508312498529754, 37.508312498529754, 37.508312498529754, 37.508312498529754, 37.508312498529754, 37.508312498529754, 37.508312498529754, 37.508312498529754, 37.508312498529754, 37.508312498529754, 37.508312498529754, 37.508312498529754, 37.508312498529754, 37.508312498529754, 37.508312498529754, 37.508312498529754, 37.508312498529754, 37.508312498529754, 37.508312498529754, 37.508312498529754, 37.508312498529754, 37.508312498529754]",,original,Original,None,High,Strong,False,False,,,mpc_diagnostic,formal/step7b_33_perfect_global_raw.csv,0.0,full_day_optimization_objective,False,9,11378,0,6482,4752,48,1800.398999929428,0.0011748015505045084,0.0011748015505045084,9,4
33,Perfect-Global,85,test_id,id_actual,perfect_full_horizon,48,,1326.5560508128356,1326.5560508128356,0.0,,1801.5039999485016,37.53133333226045,1801.5039999485016,0,1,True,,100085,perfect_global_clean,48,48,True,,1.0,0.12500000000808428,"[27.723381315359603, 21.491458976304877, 21.214496149838112, 13.80677039308684, 11.102360706812942, 11.398433507407702, 14.89359608759845, 10.007395887879547, 6.16615, 9.488696014720787, 11.732356129997097, 10.158875872398298, 33.245300335586734, 14.141155207751439, 6.16615, 6.16615, 6.16615, 6.16615, 6.089093330859885, 4.855677328634439, 3.6223573269089346, 2.4661720000000003, 3.699402, 4.932728, 6.16615, 6.16615, 6.16615, 6.16615, 6.16615, 19.19609752176077, 19.669777296973955, 39.9380994196258, 64.21041770217148, 75.9180027166992, 85.50229081133212, 79.63702998708666, 50.78136924903025, 53.713744769205384, 55.22695718822109, 49.40801938037315, 59.192063991456486, 55.41257088807194, 57.120875530401605, 61.1280976828887, 50.62768169264874, 49.5036212055323, 48.414455477542845, 54.22367173066728]","[37.53133333226045, 37.53133333226045, 37.53133333226045, 37.53133333226045, 37.53133333226045, 37.53133333226045, 37.53133333226045, 37.53133333226045, 37.53133333226045, 37.53133333226045, 37.53133333226045, 37.53133333226045, 37.53133333226045, 37.53133333226045, 37.53133333226045, 37.53133333226045, 37.53133333226045, 37.53133333226045, 37.53133333226045, 37.53133333226045, 37.53133333226045, 37.53133333226045, 37.53133333226045, 37.53133333226045, 37.53133333226045, 37.53133333226045, 37.53133333226045, 37.53133333226045, 37.53133333226045, 37.53133333226045, 37.53133333226045, 37.53133333226045, 37.53133333226045, 37.53133333226045, 37.53133333226045, 37.53133333226045, 37.53133333226045, 37.53133333226045, 37.53133333226045, 37.53133333226045, 37.53133333226045, 37.53133333226045, 37.53133333226045, 37.53133333226045, 37.53133333226045, 37.53133333226045, 37.53133333226045, 37.53133333226045]",,original,Original,None,High,Strong,False,False,,,mpc_diagnostic,formal/step7b_33_perfect_global_raw.csv,0.0,full_day_optimization_objective,False,9,11378,0,6482,4752,48,1801.5039999485016,0.001278664987264238,0.001278664987264238,9,3
33,Perfect-Global,86,test_id,id_actual,perfect_full_horizon,48,,1321.0429915624934,1321.0429915624934,0.0,,1800.5859999656677,37.51220833261808,1800.5859999656677,0,1,True,,100086,perfect_global_clean,48,48,True,,1.0,0.12500000000808176,"[18.71072719221261, 20.566762452564785, 18.65182760190846, 11.996423247195725, 9.94914466953024, 10.353716307304602, 10.21151075171043, 10.168497265251556, 7.633567862135024, 8.332344141733364, 9.065934314782108, 8.924851425280906, 33.96410429461813, 21.504850173974702, 6.16615, 6.16615, 6.16615, 6.16615, 4.932728, 5.43870319412758, 4.235889235559645, 3.002617476386628, 2.807993507168862, 4.041250115793846, 5.27460272491877, 6.16615, 6.16615, 6.16615, 6.16615, 6.16615, 25.45288543418166, 37.950790726454905, 52.82087522874917, 67.64468229433328, 75.2396894825336, 109.2745769726622, 57.16078723255942, 49.13443933252288, 55.13562606239894, 61.52005299681043, 56.59058774881166, 60.04053107029456, 53.42034679765298, 53.95978553222545, 50.8091891161253, 60.89041579971896, 58.161432548936574, 50.57290123136335]","[37.51220833261808, 37.51220833261808, 37.51220833261808, 37.51220833261808, 37.51220833261808, 37.51220833261808, 37.51220833261808, 37.51220833261808, 37.51220833261808, 37.51220833261808, 37.51220833261808, 37.51220833261808, 37.51220833261808, 37.51220833261808, 37.51220833261808, 37.51220833261808, 37.51220833261808, 37.51220833261808, 37.51220833261808, 37.51220833261808, 37.51220833261808, 37.51220833261808, 37.51220833261808, 37.51220833261808, 37.51220833261808, 37.51220833261808, 37.51220833261808, 37.51220833261808, 37.51220833261808, 37.51220833261808, 37.51220833261808, 37.51220833261808, 37.51220833261808, 37.51220833261808, 37.51220833261808, 37.51220833261808, 37.51220833261808, 37.51220833261808, 37.51220833261808, 37.51220833261808, 37.51220833261808, 37.51220833261808, 37.51220833261808, 37.51220833261808, 37.51220833261808, 37.51220833261808, 37.51220833261808, 37.51220833261808]",,original,Original,None,High,Strong,False,False,,,mpc_diagnostic,formal/step7b_33_perfect_global_raw.csv,0.0,full_day_optimization_objective,False,9,11378,0,6482,4752,48,1800.5859999656677,0.001315068627071366,0.001315068627071366,9,3
33,Perfect-Global,87,test_id,id_actual,perfect_full_horizon,48,,1335.3342894852017,1335.3342894852017,0.0,,1800.6840000152588,37.514250000317894,1800.6840000152588,0,1,True,,100087,perfect_global_clean,48,48,True,,1.0,0.12500000000807984,"[24.271672619059007, 21.356260809214877, 13.210902763846182, 10.821801745298135, 9.513966105138199, 12.024654580640608, 8.896846710848504, 8.894745697008268, 10.540116429640891, 8.263978973452023, 13.230423579815929, 10.790827152701809, 33.295173128160634, 20.380868577673056, 6.16615, 6.16615, 6.16615, 6.16615, 5.857992028401214, 4.624594014362214, 3.3912919992878003, 2.58237929626281, 1.5740210061985527, 2.8071815392971264, 4.040438084783734, 5.273790629312544, 6.16615, 6.16615, 6.16615, 6.16615, 28.90319501532268, 51.983451980125665, 70.41563736185685, 62.75642675992607, 92.6230869419591, 77.1780462710816, 58.504539004171015, 56.10755363261715, 61.504471986071565, 55.267931303440406, 60.211746935974524, 53.616202492163474, 47.21076899233575, 59.30371570270648, 51.14397895899408, 52.39507119539646, 54.32381221188263, 56.91152526877206]","[37.514250000317894, 37.514250000317894, 37.514250000317894, 37.514250000317894, 37.514250000317894, 37.514250000317894, 37.514250000317894, 37.514250000317894, 37.514250000317894, 37.514250000317894, 37.514250000317894, 37.514250000317894, 37.514250000317894, 37.514250000317894, 37.514250000317894, 37.514250000317894, 37.514250000317894, 37.514250000317894, 37.514250000317894, 37.514250000317894, 37.514250000317894, 37.514250000317894, 37.514250000317894, 37.514250000317894, 37.514250000317894, 37.514250000317894, 37.514250000317894, 37.514250000317894, 37.514250000317894, 37.514250000317894, 37.514250000317894, 37.514250000317894, 37.514250000317894, 37.514250000317894, 37.514250000317894, 37.514250000317894, 37.514250000317894, 37.514250000317894, 37.514250000317894, 37.514250000317894, 37.514250000317894, 37.514250000317894, 37.514250000317894, 37.514250000317894, 37.514250000317894, 37.514250000317894, 37.514250000317894, 37.514250000317894]",,original,Original,None,High,Strong,False,False,,,mpc_diagnostic,formal/step7b_33_perfect_global_raw.csv,0.0,full_day_optimization_objective,False,9,11378,0,6482,4752,48,1800.6840000152588,0.0012797976421137758,0.0012797976421137758,9,2
33,Perfect-Global,88,test_id,id_actual,perfect_full_horizon,48,,1322.1408773277124,1322.1408773277124,0.0,,1800.5679998397827,37.511833329995476,1800.5679998397827,0,1,True,,100088,perfect_global_clean,48,48,True,,1.0,0.12500000000808023,"[26.572027378739755, 16.93886880195302, 18.087883312218576, 15.60940513482359, 14.9508297929744, 12.009188898338888, 13.352966919971704, 13.90061868518503, 9.313268989026632, 6.263350938255558, 12.152395945390701, 12.147893859349642, 30.907405386271286, 21.41590819876135, 6.16615, 6.16615, 6.16615, 6.16615, 5.366086104419769, 4.13272637533533, 3.2023922339585345, 2.4661720000000003, 3.699402, 4.932728, 6.16615, 6.16615, 6.16615, 6.16615, 6.16615, 8.697362795935392, 6.16615, 45.545774528956166, 59.73767555958871, 67.95562345287283, 76.15791984361691, 79.20484711403458, 55.063429727494515, 55.04501580294181, 56.66454322236891, 54.012182659941026, 65.16492906803221, 61.08528579996488, 59.399865922187345, 48.90485201291205, 50.22630107802247, 55.840621016020854, 58.45745540466131, 55.89417336318645]","[37.511833329995476, 37.511833329995476, 37.511833329995476, 37.511833329995476, 37.511833329995476, 37.511833329995476, 37.511833329995476, 37.511833329995476, 37.511833329995476, 37.511833329995476, 37.511833329995476, 37.511833329995476, 37.511833329995476, 37.511833329995476, 37.511833329995476, 37.511833329995476, 37.511833329995476, 37.511833329995476, 37.511833329995476, 37.511833329995476, 37.511833329995476, 37.511833329995476, 37.511833329995476, 37.511833329995476, 37.511833329995476, 37.511833329995476, 37.511833329995476, 37.511833329995476, 37.511833329995476, 37.511833329995476, 37.511833329995476, 37.511833329995476, 37.511833329995476, 37.511833329995476, 37.511833329995476, 37.511833329995476, 37.511833329995476, 37.511833329995476, 37.511833329995476, 37.511833329995476, 37.511833329995476, 37.511833329995476, 37.511833329995476, 37.511833329995476, 37.511833329995476, 37.511833329995476, 37.511833329995476, 37.511833329995476]",,original,Original,None,High,Strong,False,False,,,mpc_diagnostic,formal/step7b_33_perfect_global_raw.csv,0.0,full_day_optimization_objective,False,9,11378,0,6482,4752,48,1800.5679998397827,0.0013192661084090785,0.0013192661084090785,9,2
33,Perfect-Global,89,test_id,id_actual,perfect_full_horizon,48,,1395.1686623015219,1395.1686623015219,0.0,,1800.5920000076294,37.51233333349228,1800.5920000076294,0,1,True,,100089,perfect_global_clean,48,48,True,,1.0,0.12500000000806377,"[28.868996660891668, 20.622451156756423, 18.129658611873683, 12.256922313644809, 6.619464869023762, 9.354278968490027, 9.874568835502807, 12.481644357349438, 8.780828119453709, 10.398028537850994, 8.895529224021942, 10.230245554870162, 30.30754434959711, 14.449180249631137, 6.16615, 6.16615, 6.16615, 6.16615, 4.932728, 5.952255641097399, 4.718850288772827, 3.4855409366148904, 2.2523275849568942, 3.2814966703217197, 4.514790138585852, 5.748179607349926, 6.16615, 6.16615, 6.16615, 11.104760430040923, 11.204950807550265, 70.89318738133817, 40.16718021448769, 79.49015402951635, 97.6873641448712, 105.82616599811836, 58.64117351853963, 46.84222990771944, 58.60734512402442, 63.0589124009186, 61.26259515817282, 58.12120107182925, 61.983925677425006, 65.95545633869125, 58.18087204031615, 58.219142253090084, 57.83044353863886, 50.773041589576074]","[37.51233333349228, 37.51233333349228, 37.51233333349228, 37.51233333349228, 37.51233333349228, 37.51233333349228, 37.51233333349228, 37.51233333349228, 37.51233333349228, 37.51233333349228, 37.51233333349228, 37.51233333349228, 37.51233333349228, 37.51233333349228, 37.51233333349228, 37.51233333349228, 37.51233333349228, 37.51233333349228, 37.51233333349228, 37.51233333349228, 37.51233333349228, 37.51233333349228, 37.51233333349228, 37.51233333349228, 37.51233333349228, 37.51233333349228, 37.51233333349228, 37.51233333349228, 37.51233333349228, 37.51233333349228, 37.51233333349228, 37.51233333349228, 37.51233333349228, 37.51233333349228, 37.51233333349228, 37.51233333349228, 37.51233333349228, 37.51233333349228, 37.51233333349228, 37.51233333349228, 37.51233333349228, 37.51233333349228, 37.51233333349228, 37.51233333349228, 37.51233333349228, 37.51233333349228, 37.51233333349228, 37.51233333349228]",,original,Original,None,High,Strong,False,False,,,mpc_diagnostic,formal/step7b_33_perfect_global_raw.csv,0.0,full_day_optimization_objective,False,9,11378,0,6482,4752,48,1800.5920000076294,0.0011751048604460453,0.0011751048604460453,9,2
33,Perfect-Global,90,test_id,id_actual,perfect_full_horizon,48,,1328.7701165870474,1328.7701165870474,0.0,,1800.5499999523163,37.51145833233992,1800.5499999523163,0,1,True,,100090,perfect_global_clean,48,48,True,,1.0,0.12500000000806302,"[24.60480411103382, 19.873255697994363, 14.130892908706134, 13.026502023405687, 11.216130959769139, 9.203158127735604, 10.335166889786112, 9.951236834222142, 12.224240463866176, 10.709015053787475, 9.171768500441893, 11.48426263567789, 16.729534084678164, 6.16615, 6.16615, 6.16615, 6.16615, 6.16615, 5.649793995656772, 5.238931398287201, 4.005581565592887, 2.772327733398517, 3.699402, 4.932728, 6.16615, 4.9368613660109295, 6.16615, 6.16615, 6.16615, 12.142364984055842, 6.16615, 48.863465507532915, 51.30855871724452, 76.02351068074671, 85.93055757223584, 98.47654728804494, 44.01046871621226, 53.25841905394123, 62.074589946483464, 56.243588160515756, 62.30308753875051, 52.44733065963174, 57.5758872927694, 62.611505574957576, 60.04880416228144, 58.73349104894471, 62.141504583574175, 59.019340749073585]","[37.51145833233992, 37.51145833233992, 37.51145833233992, 37.51145833233992, 37.51145833233992, 37.51145833233992, 37.51145833233992, 37.51145833233992, 37.51145833233992, 37.51145833233992, 37.51145833233992, 37.51145833233992, 37.51145833233992, 37.51145833233992, 37.51145833233992, 37.51145833233992, 37.51145833233992, 37.51145833233992, 37.51145833233992, 37.51145833233992, 37.51145833233992, 37.51145833233992, 37.51145833233992, 37.51145833233992, 37.51145833233992, 37.51145833233992, 37.51145833233992, 37.51145833233992, 37.51145833233992, 37.51145833233992, 37.51145833233992, 37.51145833233992, 37.51145833233992, 37.51145833233992, 37.51145833233992, 37.51145833233992, 37.51145833233992, 37.51145833233992, 37.51145833233992, 37.51145833233992, 37.51145833233992, 37.51145833233992, 37.51145833233992, 37.51145833233992, 37.51145833233992, 37.51145833233992, 37.51145833233992, 37.51145833233992]",,original,Original,None,High,Strong,False,False,,,mpc_diagnostic,formal/step7b_33_perfect_global_raw.csv,0.0,full_day_optimization_objective,False,9,11378,0,6482,4752,48,1800.5499999523163,0.001296276167957579,0.001296276167957579,9,3
33,Perfect-Global,91,test_id,id_actual,perfect_full_horizon,48,,1352.961137244779,1352.961137244779,0.0,,1800.6050000190735,37.51260416706403,1800.6050000190735,0,1,True,,100091,perfect_global_clean,48,48,True,,1.0,0.12500000000806816,"[29.35052092934123, 23.115431586985014, 15.756107162775887, 17.125219250036505, 11.103599725381482, 12.584074290949456, 12.96888217201359, 9.674723323301276, 9.917316752976065, 9.034828366420774, 8.235029828342686, 14.88928677095277, 42.230797353581295, 13.664505071529941, 6.16615, 6.16615, 6.16615, 6.16615, 5.654063781202522, 4.420681638114097, 4.044966824329515, 2.8117099263972696, 3.699402, 4.932728, 6.16615, 6.16615, 6.16615, 6.16615, 6.16615, 11.59847498482465, 24.950933873885326, 32.45028719953246, 65.08565171581046, 62.93672260006541, 98.25859286777761, 70.6379160395261, 60.23954200832451, 52.39087302249583, 55.179439363230436, 55.75259709994813, 52.66259878481321, 60.70456267156601, 57.71137491164564, 51.860068384052354, 60.99136244992426, 59.82532504343942, 55.46960418725648, 53.54598528202916]","[37.51260416706403, 37.51260416706403, 37.51260416706403, 37.51260416706403, 37.51260416706403, 37.51260416706403, 37.51260416706403, 37.51260416706403, 37.51260416706403, 37.51260416706403, 37.51260416706403, 37.51260416706403, 37.51260416706403, 37.51260416706403, 37.51260416706403, 37.51260416706403, 37.51260416706403, 37.51260416706403, 37.51260416706403, 37.51260416706403, 37.51260416706403, 37.51260416706403, 37.51260416706403, 37.51260416706403, 37.51260416706403, 37.51260416706403, 37.51260416706403, 37.51260416706403, 37.51260416706403, 37.51260416706403, 37.51260416706403, 37.51260416706403, 37.51260416706403, 37.51260416706403, 37.51260416706403, 37.51260416706403, 37.51260416706403, 37.51260416706403, 37.51260416706403, 37.51260416706403, 37.51260416706403, 37.51260416706403, 37.51260416706403, 37.51260416706403, 37.51260416706403, 37.51260416706403, 37.51260416706403, 37.51260416706403]",,original,Original,None,High,Strong,False,False,,,mpc_diagnostic,formal/step7b_33_perfect_global_raw.csv,0.0,full_day_optimization_objective,False,9,11378,0,6482,4752,48,1800.6050000190735,0.0013266357313869183,0.0013266357313869183,9,3
33,Perfect-Global,92,test_id,id_actual,perfect_full_horizon,48,,1213.58152547329,1213.58152547329,0.0,,1801.858999967575,37.53872916599115,1801.858999967575,0,1,True,,100092,perfect_global_clean,48,48,True,,1.0,0.12500000000810477,"[16.653179973452637, 22.34605356257418, 18.057108044029317, 15.12187098314384, 9.635602550768159, 6.950540970809914, 6.16615, 9.38205495724937, 12.089418332840872, 7.98804810816174, 6.16615, 6.931671717930787, 39.40145260457087, 12.956867795590025, 6.16615, 6.16615, 6.16615, 5.561600207366011, 4.328225262989285, 3.0949463170508893, 1.861763370582868, 2.5358336474503322, 1.6285891266277803, 2.4661720000000003, 3.699402, 4.932728, 6.16615, 6.16615, 6.16615, 6.16615, 19.48566703747597, 26.43204306482599, 61.40636816886664, 78.37847653950983, 59.08967649312602, 103.43133653051133, 49.84669290866924, 52.57667342863474, 44.79691116114866, 54.14152555331116, 49.83933540658598, 48.8937605567215, 47.163263448189035, 54.924334722733875, 45.47807229188439, 54.48504056277817, 52.74208766685084, 47.351780398277675]","[37.53872916599115, 37.53872916599115, 37.53872916599115, 37.53872916599115, 37.53872916599115, 37.53872916599115, 37.53872916599115, 37.53872916599115, 37.53872916599115, 37.53872916599115, 37.53872916599115, 37.53872916599115, 37.53872916599115, 37.53872916599115, 37.53872916599115, 37.53872916599115, 37.53872916599115, 37.53872916599115, 37.53872916599115, 37.53872916599115, 37.53872916599115, 37.53872916599115, 37.53872916599115, 37.53872916599115, 37.53872916599115, 37.53872916599115, 37.53872916599115, 37.53872916599115, 37.53872916599115, 37.53872916599115, 37.53872916599115, 37.53872916599115, 37.53872916599115, 37.53872916599115, 37.53872916599115, 37.53872916599115, 37.53872916599115, 37.53872916599115, 37.53872916599115, 37.53872916599115, 37.53872916599115, 37.53872916599115, 37.53872916599115, 37.53872916599115, 37.53872916599115, 37.53872916599115, 37.53872916599115, 37.53872916599115]",,original,Original,None,High,Strong,False,False,,,mpc_diagnostic,formal/step7b_33_perfect_global_raw.csv,0.0,full_day_optimization_objective,False,9,11378,0,6482,4752,48,1801.858999967575,0.001528816722596597,0.001528816722596597,9,3
33,Perfect-Global,93,test_id,id_actual,perfect_full_horizon,48,,1266.8040880060507,1266.8040880060507,0.0,,1800.4409999847412,37.509187499682106,1800.4409999847412,0,1,True,,100093,perfect_global_clean,48,48,True,,1.0,0.12500000000808797,"[24.83614007862823, 22.48893906327258, 19.30450342382758, 13.400488708717894, 11.041776785021446, 9.536387035146408, 13.404948172849046, 7.4718100235976, 10.080164959681163, 11.222780221373277, 11.49555160735019, 9.997334159464986, 21.694149743421548, 10.777786734196804, 6.16615, 6.16615, 6.16615, 6.16615, 5.585225817851707, 4.92916602744812, 3.695840306295368, 2.6816828848122922, 1.4485321094741896, 2.6816828833500144, 3.91492965944749, 5.148272434790806, 6.16615, 6.16615, 6.16615, 7.3237067869879535, 19.719917580877457, 30.747201652032047, 38.36798631028518, 71.70634570270181, 90.25144465524298, 94.01785617932481, 42.42709721078108, 60.47362313631944, 52.796317074094404, 54.49920553073298, 60.744554644544735, 55.83513882929707, 57.593657992581626, 53.40500591315092, 58.1490478334335, 51.07094982052558, 47.43931350825183, 50.234574804866746]","[37.509187499682106, 37.509187499682106, 37.509187499682106, 37.509187499682106, 37.509187499682106, 37.509187499682106, 37.509187499682106, 37.509187499682106, 37.509187499682106, 37.509187499682106, 37.509187499682106, 37.509187499682106, 37.509187499682106, 37.509187499682106, 37.509187499682106, 37.509187499682106, 37.509187499682106, 37.509187499682106, 37.509187499682106, 37.509187499682106, 37.509187499682106, 37.509187499682106, 37.509187499682106, 37.509187499682106, 37.509187499682106, 37.509187499682106, 37.509187499682106, 37.509187499682106, 37.509187499682106, 37.509187499682106, 37.509187499682106, 37.509187499682106, 37.509187499682106, 37.509187499682106, 37.509187499682106, 37.509187499682106, 37.509187499682106, 37.509187499682106, 37.509187499682106, 37.509187499682106, 37.509187499682106, 37.509187499682106, 37.509187499682106, 37.509187499682106, 37.509187499682106, 37.509187499682106, 37.509187499682106, 37.509187499682106]",,original,Original,None,High,Strong,False,False,,,mpc_diagnostic,formal/step7b_33_perfect_global_raw.csv,0.0,full_day_optimization_objective,False,9,11378,0,6482,4752,48,1800.4409999847412,0.0012509705694818735,0.0012509705694818735,9,3
33,Perfect-Global,94,test_id,id_actual,perfect_full_horizon,48,,1310.6801597600784,1310.6801597600784,0.0,,1801.3109998703003,37.52731249729792,1801.3109998703003,0,1,True,,100094,perfect_global_clean,48,48,True,,1.0,0.12500000000809341,"[28.126665618061708, 17.97118203368867, 13.827458905058961, 15.887416053470684, 11.828636815160191, 7.365687673423192, 8.423186079938876, 11.671219150402202, 11.784730215365656, 11.779502611243467, 12.459326709371634, 9.498307110532558, 41.615173548189176, 15.379504190616428, 6.16615, 6.16615, 6.16615, 6.16615, 5.032401571444121, 3.7990678143490384, 3.3996691229306513, 2.3682564590891846, 2.4661720000000003, 3.699402, 4.932728, 6.16615, 6.16615, 6.16615, 6.16615, 6.16615, 23.362570227343873, 42.105553127845454, 58.88895823107346, 74.48995704631038, 79.54554980074992, 83.08059449196706, 53.565413343426314, 57.89779124962101, 48.33798580685511, 49.227722272078566, 57.378162540319664, 53.10134204307837, 58.81522545215233, 51.17596797438435, 53.888807479038, 49.650512678114765, 59.72674850928744, 57.63025380409575]","[37.52731249729792, 37.52731249729792, 37.52731249729792, 37.52731249729792, 37.52731249729792, 37.52731249729792, 37.52731249729792, 37.52731249729792, 37.52731249729792, 37.52731249729792, 37.52731249729792, 37.52731249729792, 37.52731249729792, 37.52731249729792, 37.52731249729792, 37.52731249729792, 37.52731249729792, 37.52731249729792, 37.52731249729792, 37.52731249729792, 37.52731249729792, 37.52731249729792, 37.52731249729792, 37.52731249729792, 37.52731249729792, 37.52731249729792, 37.52731249729792, 37.52731249729792, 37.52731249729792, 37.52731249729792, 37.52731249729792, 37.52731249729792, 37.52731249729792, 37.52731249729792, 37.52731249729792, 37.52731249729792, 37.52731249729792, 37.52731249729792, 37.52731249729792, 37.52731249729792, 37.52731249729792, 37.52731249729792, 37.52731249729792, 37.52731249729792, 37.52731249729792, 37.52731249729792, 37.52731249729792, 37.52731249729792]",,original,Original,None,High,Strong,False,False,,,mpc_diagnostic,formal/step7b_33_perfect_global_raw.csv,0.0,full_day_optimization_objective,False,9,11378,0,6482,4752,48,1801.3109998703003,0.0013763060456249466,0.0013763060456249466,9,2
33,Perfect-Global,95,test_id,id_actual,perfect_full_horizon,48,,1261.4841912567745,1261.4841912567745,0.0,,1801.9700000286102,37.54104166726271,1801.9700000286102,0,1,True,,100095,perfect_global_clean,48,48,True,,1.0,0.12500000000807987,"[22.632941621248182, 15.158312799368257, 15.586928133160342, 11.137926745197815, 6.473067210519962, 7.985874601388945, 6.16615, 7.503813993345165, 8.472538159366046, 11.390408573031534, 8.244774223263331, 9.953675584781184, 27.133747934016718, 22.338008036653015, 6.16615, 6.16615, 6.16615, 6.16615, 5.868745557884534, 4.863599539201305, 3.630278921550839, 2.39705430304747, 1.1639256894717458, 2.3970543076188644, 3.6302789264277684, 4.863599544954815, 6.097016162613533, 6.16615, 6.16615, 9.12850146717129, 18.066586075459313, 36.55818889550167, 52.35535818794508, 63.73294971833917, 64.81819669083978, 107.162132763916, 63.06709304458323, 49.54399999783869, 46.27242876212573, 57.906071376070095, 54.17834952351116, 55.32096909361147, 48.937113150203324, 56.964356118507126, 48.213369218932854, 61.43452915796499, 57.81731286036208, 57.92006458578002]","[37.54104166726271, 37.54104166726271, 37.54104166726271, 37.54104166726271, 37.54104166726271, 37.54104166726271, 37.54104166726271, 37.54104166726271, 37.54104166726271, 37.54104166726271, 37.54104166726271, 37.54104166726271, 37.54104166726271, 37.54104166726271, 37.54104166726271, 37.54104166726271, 37.54104166726271, 37.54104166726271, 37.54104166726271, 37.54104166726271, 37.54104166726271, 37.54104166726271, 37.54104166726271, 37.54104166726271, 37.54104166726271, 37.54104166726271, 37.54104166726271, 37.54104166726271, 37.54104166726271, 37.54104166726271, 37.54104166726271, 37.54104166726271, 37.54104166726271, 37.54104166726271, 37.54104166726271, 37.54104166726271, 37.54104166726271, 37.54104166726271, 37.54104166726271, 37.54104166726271, 37.54104166726271, 37.54104166726271, 37.54104166726271, 37.54104166726271, 37.54104166726271, 37.54104166726271, 37.54104166726271, 37.54104166726271]",,original,Original,None,High,Strong,False,False,,,mpc_diagnostic,formal/step7b_33_perfect_global_raw.csv,0.0,full_day_optimization_objective,False,9,11378,0,6482,4752,48,1801.9700000286102,0.0013462604090330773,0.0013462604090330773,9,2
33,Perfect-Global,96,test_id,id_actual,perfect_full_horizon,48,,1320.79308640732,1320.79308640732,0.0,,1800.680999994278,37.51418749988079,1800.680999994278,0,1,True,,100096,perfect_global_clean,48,48,True,,1.0,0.12500000000806671,"[23.134979741246667, 21.87712787438906, 17.528318757661065, 14.023285565893971, 9.184904414024473, 9.367490213118527, 6.16615, 9.243607310221007, 8.23925302730499, 7.13185312407141, 8.244223110126732, 6.749676308395302, 34.409072483022655, 6.16615, 6.16615, 6.16615, 6.16615, 6.16615, 5.432395591171077, 5.073856039434337, 3.840519055792289, 2.7522122370187154, 2.1338294353081917, 3.3670335620354908, 4.600333689262731, 5.833729815984842, 6.16615, 6.16615, 6.16615, 7.5829661247364815, 33.38899334464736, 47.18858878492554, 56.08812143373092, 60.480556705689345, 78.87092975225164, 79.20566884922262, 43.367298678805696, 63.66035272359545, 57.732297977329175, 57.64685165575058, 60.03631152589733, 59.546285955716, 56.955048573862314, 63.840153705531534, 65.16135964429624, 59.96634653331045, 51.29705186266034, 61.114851219877764]","[37.51418749988079, 37.51418749988079, 37.51418749988079, 37.51418749988079, 37.51418749988079, 37.51418749988079, 37.51418749988079, 37.51418749988079, 37.51418749988079, 37.51418749988079, 37.51418749988079, 37.51418749988079, 37.51418749988079, 37.51418749988079, 37.51418749988079, 37.51418749988079, 37.51418749988079, 37.51418749988079, 37.51418749988079, 37.51418749988079, 37.51418749988079, 37.51418749988079, 37.51418749988079, 37.51418749988079, 37.51418749988079, 37.51418749988079, 37.51418749988079, 37.51418749988079, 37.51418749988079, 37.51418749988079, 37.51418749988079, 37.51418749988079, 37.51418749988079, 37.51418749988079, 37.51418749988079, 37.51418749988079, 37.51418749988079, 37.51418749988079, 37.51418749988079, 37.51418749988079, 37.51418749988079, 37.51418749988079, 37.51418749988079, 37.51418749988079, 37.51418749988079, 37.51418749988079, 37.51418749988079, 37.51418749988079]",,original,Original,None,High,Strong,False,False,,,mpc_diagnostic,formal/step7b_33_perfect_global_raw.csv,0.0,full_day_optimization_objective,False,9,11378,0,6482,4752,48,1800.680999994278,0.0012081999269443898,0.0012081999269443898,9,3
33,Perfect-Global,97,test_id,id_actual,perfect_full_horizon,48,,1258.228083921786,1258.228083921786,0.0,,1800.8740000724792,37.518208334843315,1800.8740000724792,0,1,True,,100097,perfect_global_clean,48,48,True,,1.0,0.12500000000808478,"[27.962512902451582, 18.811239945909698, 14.063282351017012, 12.914610502663017, 8.65543212616229, 9.428250879431769, 6.16615, 10.296650892643346, 6.462225403513746, 11.55225085226378, 10.31835515179597, 7.276830079742958, 36.335836250468496, 13.307202192307013, 6.16615, 6.16615, 6.16615, 6.16615, 5.091585791528173, 3.8582474271902383, 2.6250050630266135, 1.3918586994056314, 2.2201344761444726, 3.4533453216165957, 4.686652167588661, 5.920055013727359, 6.16615, 6.16615, 6.16615, 15.367252510430696, 12.586499692388358, 37.312765727981265, 45.90989022696918, 78.44133987044016, 87.74074776356461, 87.97762031916278, 43.07127574188506, 48.08796577334473, 45.83066474059524, 57.323022356126295, 54.25628814579815, 57.238267269909045, 59.030510216199424, 50.18121346483849, 57.22920322074919, 50.426766303805614, 51.83109959019855, 52.424927496800734]","[37.518208334843315, 37.518208334843315, 37.518208334843315, 37.518208334843315, 37.518208334843315, 37.518208334843315, 37.518208334843315, 37.518208334843315, 37.518208334843315, 37.518208334843315, 37.518208334843315, 37.518208334843315, 37.518208334843315, 37.518208334843315, 37.518208334843315, 37.518208334843315, 37.518208334843315, 37.518208334843315, 37.518208334843315, 37.518208334843315, 37.518208334843315, 37.518208334843315, 37.518208334843315, 37.518208334843315, 37.518208334843315, 37.518208334843315, 37.518208334843315, 37.518208334843315, 37.518208334843315, 37.518208334843315, 37.518208334843315, 37.518208334843315, 37.518208334843315, 37.518208334843315, 37.518208334843315, 37.518208334843315, 37.518208334843315, 37.518208334843315, 37.518208334843315, 37.518208334843315, 37.518208334843315, 37.518208334843315, 37.518208334843315, 37.518208334843315, 37.518208334843315, 37.518208334843315, 37.518208334843315, 37.518208334843315]",,original,Original,None,High,Strong,False,False,,,mpc_diagnostic,formal/step7b_33_perfect_global_raw.csv,0.0,full_day_optimization_objective,False,9,11378,0,6482,4752,48,1800.8740000724792,0.00142039746473989,0.00142039746473989,9,2
33,Perfect-Global,98,test_id,id_actual,perfect_full_horizon,48,,1287.9623570504841,1287.9623570504841,0.0,,1800.6480000019073,37.513500000039734,1800.6480000019073,0,1,True,,100098,perfect_global_clean,48,48,True,,1.0,0.12500000000808184,"[26.833931784323926, 20.64990719626239, 18.145559599469003, 12.431337332523931, 7.141375778904578, 6.16615, 6.16615, 10.257697733277054, 13.051495658145186, 12.535263400043135, 9.256156852740103, 11.404335567371167, 35.4896205024207, 6.953340155598362, 6.16615, 6.16615, 6.16615, 5.442371495739732, 4.219871608895901, 3.7687683136060777, 2.535532918443184, 1.3023935210085014, 0.9260087248815042, 2.159118820361234, 3.3923249155075155, 4.625627009928669, 5.8590251021689355, 6.16615, 6.16615, 6.16615, 25.111515304060134, 36.93887279968835, 66.43656714170108, 72.15379900615201, 76.18025905967731, 88.97095903443217, 48.604870031711926, 52.061952966475815, 54.25073442183735, 58.1201634326723, 51.410255134266194, 57.3099951657389, 56.17362856114912, 53.00088104874088, 48.399192482662414, 60.75557014869517, 58.33872382890298, 56.03415349029924]","[37.513500000039734, 37.513500000039734, 37.513500000039734, 37.513500000039734, 37.513500000039734, 37.513500000039734, 37.513500000039734, 37.513500000039734, 37.513500000039734, 37.513500000039734, 37.513500000039734, 37.513500000039734, 37.513500000039734, 37.513500000039734, 37.513500000039734, 37.513500000039734, 37.513500000039734, 37.513500000039734, 37.513500000039734, 37.513500000039734, 37.513500000039734, 37.513500000039734, 37.513500000039734, 37.513500000039734, 37.513500000039734, 37.513500000039734, 37.513500000039734, 37.513500000039734, 37.513500000039734, 37.513500000039734, 37.513500000039734, 37.513500000039734, 37.513500000039734, 37.513500000039734, 37.513500000039734, 37.513500000039734, 37.513500000039734, 37.513500000039734, 37.513500000039734, 37.513500000039734, 37.513500000039734, 37.513500000039734, 37.513500000039734, 37.513500000039734, 37.513500000039734, 37.513500000039734, 37.513500000039734, 37.513500000039734]",,original,Original,None,High,Strong,False,False,,,mpc_diagnostic,formal/step7b_33_perfect_global_raw.csv,0.0,full_day_optimization_objective,False,9,11378,0,6482,4752,48,1800.6480000019073,0.0012460232001609561,0.0012460232001609561,9,2
33,Perfect-Global,99,test_id,id_actual,perfect_full_horizon,48,,1329.4121074740826,1329.4121074740826,0.0,,1800.691999912262,37.51441666483879,1800.691999912262,0,1,True,,100099,perfect_global_clean,48,48,True,,1.0,0.12500000000808065,"[23.66726089973221, 22.01502479217417, 18.211736880493167, 11.02345585554693, 13.11753998230568, 9.273536927971854, 11.251599594620604, 11.707675062412164, 13.318569027641795, 13.922983114775157, 12.952005903122583, 13.25039989489833, 33.47803887844862, 14.970721622458466, 6.16615, 6.16615, 6.16615, 6.16615, 5.436538476298901, 5.219231998480398, 3.985883700598689, 2.7526314016836535, 2.3879985964679347, 3.434675474204701, 4.667980866367563, 5.901382257607115, 6.16615, 6.16615, 6.16615, 6.16615, 16.58213839519091, 42.689478669565496, 38.81793804745473, 74.01801669347823, 93.51729679203363, 103.18864497713572, 44.14764424648291, 60.99961161154716, 52.17636206113439, 48.44076170488957, 53.97384791182653, 55.425177107478845, 56.24906065323717, 51.3736272870853, 57.985563297075196, 61.51550105597715, 59.97143592367137, 53.0639298305074]","[37.51441666483879, 37.51441666483879, 37.51441666483879, 37.51441666483879, 37.51441666483879, 37.51441666483879, 37.51441666483879, 37.51441666483879, 37.51441666483879, 37.51441666483879, 37.51441666483879, 37.51441666483879, 37.51441666483879, 37.51441666483879, 37.51441666483879, 37.51441666483879, 37.51441666483879, 37.51441666483879, 37.51441666483879, 37.51441666483879, 37.51441666483879, 37.51441666483879, 37.51441666483879, 37.51441666483879, 37.51441666483879, 37.51441666483879, 37.51441666483879, 37.51441666483879, 37.51441666483879, 37.51441666483879, 37.51441666483879, 37.51441666483879, 37.51441666483879, 37.51441666483879, 37.51441666483879, 37.51441666483879, 37.51441666483879, 37.51441666483879, 37.51441666483879, 37.51441666483879, 37.51441666483879, 37.51441666483879, 37.51441666483879, 37.51441666483879, 37.51441666483879, 37.51441666483879, 37.51441666483879, 37.51441666483879]",,original,Original,None,High,Strong,False,False,,,mpc_diagnostic,formal/step7b_33_perfect_global_raw.csv,0.0,full_day_optimization_objective,False,9,11378,0,6482,4752,48,1800.691999912262,0.0013572007060599436,0.0013572007060599436,9,3
