system,scenario_id,current_time,terminal_start,terminal_pre_step,terminal_source,terminal_P_DG_5,terminal_SOC_BSS_9,forecast_terminal_load_sum,actual_terminal_load_sum,source_completed,source_cost_so_far,icnn_q_value,icnn_terminal_cost,icnn_actor_json,icnn_status,oracle_tail_cost,oracle_tail_runtime_s,oracle_tail_status,closed_loop_violation_pu,failure_message,z_state_json,experiment_tag
33,80,0,3,2,MPC-3,0.4230410394471694,0.5,2.7241284894427036,2.564212480438701,True,10.482018162480014,-18.224674361925196,1822.4674361925195,"[1.0, 1.0, 1.0, 1.0, 1.0]",exact,1346.313420347943,9.273000001907349,2,0.0,,"[0.06382978723404255, 0.28111337200083747, 0.036359757146119484, 0.3339243758086678, 0.2916422018452587, 0.2773767065689086, 0.16774813428718052, 0.22832849216971596, 0.228892135060983, 0.16643852991748684, 0.16801588378416216, 0.05428034007975913, 0.13325393701978946, 0.008979329100897953, 0.24050334717904345, 0.24625359319421425, 0.12691188484578025, 0.15882818058407552, 0.22232274489423834, 0.3138738691431812, 0.4067522170350592, 0.08196612697570484, 0.23831483869431377, 0.4215555799112709, 0.22382663068843062, 0.0939987321924628, 0.047078760316623794, 0.0688880676686484, 0.2683110681156925, 0.11750648027204003, 0.15712170421906424, 0.26458165275970214, 0.22482636577944742, 0.14201654455358315, -0.02177354156946072, 0.12237171547317037, 0.04786228041022239, 0.19329328214322458, 0.19338265975755262, 0.15303463414385346, 0.10299678939678718, 0.40209819775067335, 0.31146528548980945, 0.3036596224954397, 0.19247153778333898, 0.1433511197109475, 0.09327072298979738, 0.022381084926128062, 0.23584330975454154, 0.3854526557153035, 0.10881988085577261, 0.24123693029787613, 0.1915623055493335, 0.012377228510371081, 0.06604096311352933, -0.027113810106166033, 0.25661924596689206, 0.3810780151627827, 0.04132674331974031, 0.03793593869643153, 0.23733071558125332, 0.4000401918737172, 0.20065893680814115, 0.15899332182369055, -0.07519657074451952, 0.0, 0.7382537628728945, 0.42304061640655305, 0.1666665925926255]",icnn_value_diagnostic
33,80,8,11,10,MPC-3,1.0,0.12499999963139416,2.6290449724771987,2.6227183115077537,True,90.68244000261562,-17.22678564015065,1722.678564015065,"[1.0, 1.0, 1.0, 1.0, -1.0]",exact,1285.3098934616103,7.09499979019165,2,0.0,,"[0.23404255319148937, 0.09881632074632814, 0.1263774851242376, 0.15727677297263487, 0.09103039333520066, 0.12407797081084485, 0.12431082555574888, 0.05956544855938035, 0.11972538512495814, 0.2857157786055524, 0.15579649619143893, 0.12944032365148953, 0.1762638523928624, 0.16157798306496982, 0.22967468625422202, 0.17254039781600505, 0.10199621045330307, 0.24742540357242854, 0.12759917482345892, 0.141004530194583, 0.05434494619358587, 0.2208336306463262, 0.16284851966258138, 0.3676453747194195, 0.2434137213857833, 0.25650017208643755, 0.1850821430930464, 0.17608967233805406, 0.17278328661146125, 0.07660561524731943, 0.14294912918153538, 0.17082483644588187, 0.07766639540974915, 0.23048182152742064, 0.020754263910267537, 0.08446678656780221, 0.2620772558343447, 0.09399112160589525, 0.2749901038210946, 0.1824115373288009, 0.16921190121618734, 0.15577355375947355, 0.10282146615162809, 0.26674330484551134, 0.12520638916469215, 0.20873272178375604, 0.2300322367235414, 0.0873856308624019, 0.2077890830252327, 0.12582635193100364, 0.10957210878966754, 0.058298277042412916, 0.18052998831379938, 0.2621448294569001, 0.2677640728886286, 0.14366553597817033, 0.36629439953142473, 0.20287016219490317, 0.07993402596152596, 0.21505368393911228, 0.30170877701568716, 0.16193764548146264, 0.1578567832231277, 0.251655557539738, 0.2884697817632785, 0.0, 0.6456426885312372, 0.9999990000010001, -1.638247450979749e-10]",icnn_value_diagnostic
33,80,16,19,18,MPC-3,0.6647751907442463,0.12500001397983798,3.3637852392506162,3.3064905868741383,True,241.83749253324055,-17.11498687250694,1711.498687250694,"[1.0, 1.0, 1.0, 1.0, -1.0]",exact,1206.3633301570385,8.51799988746643,2,0.0,,"[0.40425531914893614, 0.5162723606927785, 0.4596448438125336, 0.5398957224833947, 0.5616520260660127, 0.5624209759417343, 0.6675988099254538, 0.4272075699855905, 0.5192506637271032, 0.5456885684824614, 0.5078068658597962, 0.5536485127604879, 0.5085280508766435, 0.4778769944670179, 0.3557261664478008, 0.5635059890856036, 0.6597257435451332, 0.49333954855250567, 0.46340035539797947, 0.38326542249387124, 0.4255455199710766, 0.4425393362513244, 0.4263569740314291, 0.5849434577656624, 0.41593871061432036, 0.4103894976406745, 0.48025000575490373, 0.4073673754010844, 0.39335380919343316, 0.4816474251656657, 0.5902028995321649, 0.643566014033538, 0.699499882540333, 0.6150458833695385, 0.5936096060462119, 0.6016636499396684, 0.6668365075425036, 0.37858154511268644, 0.5544274546800556, 0.49505282947398777, 0.5354890425272947, 0.46918241284233, 0.45907405459786355, 0.5284057415770119, 0.6361152630284693, 0.8088899868160985, 0.4492621706332651, 0.6603339383815309, 0.4462165962807535, 0.41393652575239914, 0.5178716446190621, 0.3014715661632082, 0.5611220303962273, 0.4778086610478616, 0.28401199062913257, 0.5291328450909368, 0.40136427270389896, 0.6205294989389496, 0.6218209572290967, 0.32683991689484343, 0.5928269580335357, 0.41018203301366807, 0.421394979746573, 0.37119283183401813, 0.6249083543942725, 0.5438343724750323, 0.773485586259673, 0.6647745259697204, 6.213258563743457e-09]",icnn_value_diagnostic
33,80,24,27,26,MPC-3,0.2615374386200211,0.21117114333812234,4.0325838208842715,4.127868819061592,True,252.7358863048632,-16.830222699566107,1683.0222699566107,"[1.0, 1.0, 1.0, 1.0, 1.0]",exact,1551.682692683285,4.102999925613403,2,0.0,,"[0.574468085106383, 0.9704026887782317, 0.750249873486847, 0.8742891958477417, 0.9530749713640188, 0.8535900881019265, 0.8194888282201449, 0.7192685066619521, 0.847844335996801, 0.8109232359394279, 0.8036373975620649, 0.8076482912095935, 0.7584693790922599, 0.6625587807146882, 0.811196310759956, 0.9151686602585622, 1.0199087720077766, 0.8209703304904776, 0.7211468727739244, 0.9320653969457073, 0.8935719020026189, 1.0227834606882895, 0.7912313653598302, 0.7213613137948264, 0.7134201333949876, 0.9022941153053354, 0.68202811382489, 0.8648574906524006, 0.8865987282850322, 0.7722142874293699, 0.8478014898608242, 0.9388254492828467, 0.7547169717912081, 0.8557726229246564, 0.7971874678451113, 0.934253118132853, 0.79332822683498, 0.8561517186761514, 0.912869518276413, 1.0096271581515355, 0.7391375913836765, 0.8593247713612375, 0.8716332845145854, 1.057623311918521, 0.9132043400456742, 0.8083407944325488, 0.8751568249704341, 0.9134053966837469, 0.8254224378046433, 0.8578389664362334, 0.733679404192848, 0.8521748003006664, 1.0238932809547878, 0.7659866029654105, 0.8241424246354444, 0.8431301412398814, 0.7668341804278952, 0.7940408973930985, 0.9381139442491833, 0.9187330257808691, 0.9253147186577042, 0.6942157325190307, 0.8066470496290542, 0.5862839153797129, 1.092739528090028, 0.5490324726288931, 0.6891487603451706, 0.261537177082844, 0.038298268906601526]",icnn_value_diagnostic
33,80,32,35,34,MPC-3,1.0,0.12499999987164193,4.078748580245426,4.138713804272314,True,669.4507235177113,-10.968291694323607,1096.8291694323607,"[1.0, -0.8411387436177684, 1.0, 1.0, 1.0]",exact,911.2974344529814,0.2630000114440918,2,0.0,,"[0.7446808510638298, 0.9448416236648729, 0.9187881801692978, 0.8499877303645692, 0.7973227766891211, 0.9643322796408488, 0.7283031429493539, 0.6456612412594643, 0.8149795207600949, 0.7055706424136959, 0.8560818618461206, 0.9574960833486182, 0.8104733402003279, 0.8661262569502072, 0.7199820150231547, 0.7309470263727839, 0.717643394014142, 1.0428375487073687, 0.8902419279255258, 0.960664600924094, 0.7566944933100817, 0.8776197760316167, 0.7567972047584482, 0.9195455232738322, 0.8741722721884927, 0.6437618364218581, 0.841362101597715, 0.9268635219042068, 0.7134415717732144, 0.8724731119729243, 0.6073012877267254, 0.8530798882762244, 0.8208809808200436, 0.9346034072497992, 0.7854384263614582, 0.8745256571873451, 0.7039153397391437, 0.7722805451273687, 0.7822909856340922, 0.919498549177396, 0.7946469376043105, 0.7547282449514521, 0.975639369902127, 0.9004620756825991, 0.7904162691158714, 1.084420258402092, 0.6682450712226676, 0.9661965161583553, 0.6363672949892366, 0.8456569382385772, 0.7963043307665657, 0.551188945976563, 0.8990194635838824, 0.7904072275027191, 0.8913813588964669, 0.7124786835979219, 0.8992023306099517, 0.8657582061203625, 0.6212128368096472, 0.7528829283148825, 0.8331314345738601, 0.913417308187596, 0.7253849725718214, 0.6674612710738226, 0.8509423339146694, 0.06747813210884086, 0.7199501254683541, 0.9999990000010001, -5.704800760957638e-11]",icnn_value_diagnostic
33,80,40,43,42,MPC-3,1.0,0.12500000103456463,3.384429255984438,3.332130252121777,True,1305.1453144961245,-4.922617637806527,492.26176378065276,"[1.0, 1.0, 1.0, 1.0, -1.0]",exact,332.4665259177542,0.07500004768371582,2,0.0,,"[0.9148936170212766, 0.40971095706029814, 0.5588604200496976, 0.7864581528911029, 0.3930142945023223, 0.47913266130398935, 0.5011006018769825, 0.4996425270376452, 0.6837319242344261, 0.5020613435807396, 0.7566104510903439, 0.6866006656429663, 0.48571037945869067, 0.4055454118374411, 0.5060018149243798, 0.5531965732949075, 0.5915628190695521, 0.6483817783278321, 0.42037765604101374, 0.36837271151182754, 0.46310482432379985, 0.6203454221328272, 0.4502148029886683, 0.5062527375355214, 0.5317243108117405, 0.3967265302235796, 0.5386797208269299, 0.6216991374151817, 0.56870205144688, 0.48769379738306706, 0.48236821081337206, 0.5152760128911508, 0.3537839189979061, 0.4969066277105288, 0.5148297661145798, 0.4413739791338562, 0.549081979243504, 0.5569095873223383, 0.6532324871609114, 0.582081683336468, 0.550508731582034, 0.4788479838454716, 0.7125519187252384, 0.3133260358441744, 0.4041368402179361, 0.6352271105474839, 0.35491645240487735, 0.5726980409677369, 0.3998513183074133, 0.5264907475646499, 0.4069765598639128, 0.4626254712949136, 0.6817204545921179, 0.555385192381162, 0.4521100445187871, 0.5247913607025192, 0.5678295468115139, 0.36871559157059897, 0.5176595535765772, 0.32948790115560356, 0.6257006519641928, 0.6003652908995718, 0.45810452209710273, 0.5336179420621464, 0.4681861136651308, 0.0, 0.6610361005866401, 0.9999990000010001, 4.598062971574014e-10]",icnn_value_diagnostic
33,80,0,3,2,Proposed-H3,0.6,2.0,2.7241284894427036,2.564212480438701,True,43.16148344873406,-14.158533580059316,1415.8533580059316,"[1.0, 1.0, 1.0, 1.0, 1.0]",exact,1259.9975290381678,13.315999984741211,2,0.0,,"[0.06382978723404255, 0.28111337200083747, 0.036359757146119484, 0.3339243758086678, 0.2916422018452587, 0.2773767065689086, 0.16774813428718052, 0.22832849216971596, 0.228892135060983, 0.16643852991748684, 0.16801588378416216, 0.05428034007975913, 0.13325393701978946, 0.008979329100897953, 0.24050334717904345, 0.24625359319421425, 0.12691188484578025, 0.15882818058407552, 0.22232274489423834, 0.3138738691431812, 0.4067522170350592, 0.08196612697570484, 0.23831483869431377, 0.4215555799112709, 0.22382663068843062, 0.0939987321924628, 0.047078760316623794, 0.0688880676686484, 0.2683110681156925, 0.11750648027204003, 0.15712170421906424, 0.26458165275970214, 0.22482636577944742, 0.14201654455358315, -0.02177354156946072, 0.12237171547317037, 0.04786228041022239, 0.19329328214322458, 0.19338265975755262, 0.15303463414385346, 0.10299678939678718, 0.40209819775067335, 0.31146528548980945, 0.3036596224954397, 0.19247153778333898, 0.1433511197109475, 0.09327072298979738, 0.022381084926128062, 0.23584330975454154, 0.3854526557153035, 0.10881988085577261, 0.24123693029787613, 0.1915623055493335, 0.012377228510371081, 0.06604096311352933, -0.027113810106166033, 0.25661924596689206, 0.3810780151627827, 0.04132674331974031, 0.03793593869643153, 0.23733071558125332, 0.4000401918737172, 0.20065893680814115, 0.15899332182369055, -0.07519657074451952, 0.0, 0.7382537628728945, 0.5999994000006, 0.8333329629631275]",icnn_value_diagnostic
33,80,8,11,10,Proposed-H3,1.0,0.125,2.6290449724771987,2.6227183115077537,True,102.63196621055558,-17.226785639583877,1722.6785639583877,"[1.0, 1.0, 1.0, 1.0, -1.0]",exact,1285.3098934167804,9.006999969482422,2,0.0,,"[0.23404255319148937, 0.09881632074632814, 0.1263774851242376, 0.15727677297263487, 0.09103039333520066, 0.12407797081084485, 0.12431082555574888, 0.05956544855938035, 0.11972538512495814, 0.2857157786055524, 0.15579649619143893, 0.12944032365148953, 0.1762638523928624, 0.16157798306496982, 0.22967468625422202, 0.17254039781600505, 0.10199621045330307, 0.24742540357242854, 0.12759917482345892, 0.141004530194583, 0.05434494619358587, 0.2208336306463262, 0.16284851966258138, 0.3676453747194195, 0.2434137213857833, 0.25650017208643755, 0.1850821430930464, 0.17608967233805406, 0.17278328661146125, 0.07660561524731943, 0.14294912918153538, 0.17082483644588187, 0.07766639540974915, 0.23048182152742064, 0.020754263910267537, 0.08446678656780221, 0.2620772558343447, 0.09399112160589525, 0.2749901038210946, 0.1824115373288009, 0.16921190121618734, 0.15577355375947355, 0.10282146615162809, 0.26674330484551134, 0.12520638916469215, 0.20873272178375604, 0.2300322367235414, 0.0873856308624019, 0.2077890830252327, 0.12582635193100364, 0.10957210878966754, 0.058298277042412916, 0.18052998831379938, 0.2621448294569001, 0.2677640728886286, 0.14366553597817033, 0.36629439953142473, 0.20287016219490317, 0.07993402596152596, 0.21505368393911228, 0.30170877701568716, 0.16193764548146264, 0.1578567832231277, 0.251655557539738, 0.2884697817632785, 0.0, 0.6456426885312372, 0.9999990000010001, 0.0]",icnn_value_diagnostic
33,80,16,19,18,Proposed-H3,1.0,0.41607687704236507,3.3637852392506162,3.3064905868741383,True,230.88877287416238,-15.365676236868827,1536.5676236868828,"[1.0, 1.0, 1.0, 1.0, -1.0]",exact,1166.4776830207747,8.838000059127808,2,0.0,,"[0.40425531914893614, 0.5162723606927785, 0.4596448438125336, 0.5398957224833947, 0.5616520260660127, 0.5624209759417343, 0.6675988099254538, 0.4272075699855905, 0.5192506637271032, 0.5456885684824614, 0.5078068658597962, 0.5536485127604879, 0.5085280508766435, 0.4778769944670179, 0.3557261664478008, 0.5635059890856036, 0.6597257435451332, 0.49333954855250567, 0.46340035539797947, 0.38326542249387124, 0.4255455199710766, 0.4425393362513244, 0.4263569740314291, 0.5849434577656624, 0.41593871061432036, 0.4103894976406745, 0.48025000575490373, 0.4073673754010844, 0.39335380919343316, 0.4816474251656657, 0.5902028995321649, 0.643566014033538, 0.699499882540333, 0.6150458833695385, 0.5936096060462119, 0.6016636499396684, 0.6668365075425036, 0.37858154511268644, 0.5544274546800556, 0.49505282947398777, 0.5354890425272947, 0.46918241284233, 0.45907405459786355, 0.5284057415770119, 0.6361152630284693, 0.8088899868160985, 0.4492621706332651, 0.6603339383815309, 0.4462165962807535, 0.41393652575239914, 0.5178716446190621, 0.3014715661632082, 0.5611220303962273, 0.4778086610478616, 0.28401199062913257, 0.5291328450909368, 0.40136427270389896, 0.6205294989389496, 0.6218209572290967, 0.32683991689484343, 0.5928269580335357, 0.41018203301366807, 0.421394979746573, 0.37119283183401813, 0.6249083543942725, 0.5438343724750323, 0.773485586259673, 0.9999990000010001, 0.12936744341107628]",icnn_value_diagnostic
33,80,24,27,26,Proposed-H3,1.0,2.3749999999669953,4.0325838208842715,4.127868819061592,True,265.76205004418216,-13.148713125211083,1314.8713125211084,"[1.0, 1.0, 1.0, 1.0, -1.0]",exact,1100.4665953840629,5.375999927520752,2,0.0,,"[0.574468085106383, 0.9704026887782317, 0.750249873486847, 0.8742891958477417, 0.9530749713640188, 0.8535900881019265, 0.8194888282201449, 0.7192685066619521, 0.847844335996801, 0.8109232359394279, 0.8036373975620649, 0.8076482912095935, 0.7584693790922599, 0.6625587807146882, 0.811196310759956, 0.9151686602585622, 1.0199087720077766, 0.8209703304904776, 0.7211468727739244, 0.9320653969457073, 0.8935719020026189, 1.0227834606882895, 0.7912313653598302, 0.7213613137948264, 0.7134201333949876, 0.9022941153053354, 0.68202811382489, 0.8648574906524006, 0.8865987282850322, 0.7722142874293699, 0.8478014898608242, 0.9388254492828467, 0.7547169717912081, 0.8557726229246564, 0.7971874678451113, 0.934253118132853, 0.79332822683498, 0.8561517186761514, 0.912869518276413, 1.0096271581515355, 0.7391375913836765, 0.8593247713612375, 0.8716332845145854, 1.057623311918521, 0.9132043400456742, 0.8083407944325488, 0.8751568249704341, 0.9134053966837469, 0.8254224378046433, 0.8578389664362334, 0.733679404192848, 0.8521748003006664, 1.0238932809547878, 0.7659866029654105, 0.8241424246354444, 0.8431301412398814, 0.7668341804278952, 0.7940408973930985, 0.9381139442491833, 0.9187330257808691, 0.9253147186577042, 0.6942157325190307, 0.8066470496290542, 0.5862839153797129, 1.092739528090028, 0.5490324726288931, 0.6891487603451706, 0.9999990000010001, 0.9999995555410842]",icnn_value_diagnostic
33,80,32,35,34,Proposed-H3,1.0,0.7199672428450066,4.078748580245426,4.138713804272314,True,411.77432731753913,-10.329878435294196,1032.9878435294197,"[-1.0, -1.0, 1.0, 1.0, 1.0]",exact,821.9412734075781,0.39499998092651367,2,0.0,,"[0.7446808510638298, 0.9448416236648729, 0.9187881801692978, 0.8499877303645692, 0.7973227766891211, 0.9643322796408488, 0.7283031429493539, 0.6456612412594643, 0.8149795207600949, 0.7055706424136959, 0.8560818618461206, 0.9574960833486182, 0.8104733402003279, 0.8661262569502072, 0.7199820150231547, 0.7309470263727839, 0.717643394014142, 1.0428375487073687, 0.8902419279255258, 0.960664600924094, 0.7566944933100817, 0.8776197760316167, 0.7567972047584482, 0.9195455232738322, 0.8741722721884927, 0.6437618364218581, 0.841362101597715, 0.9268635219042068, 0.7134415717732144, 0.8724731119729243, 0.6073012877267254, 0.8530798882762244, 0.8208809808200436, 0.9346034072497992, 0.7854384263614582, 0.8745256571873451, 0.7039153397391437, 0.7722805451273687, 0.7822909856340922, 0.919498549177396, 0.7946469376043105, 0.7547282449514521, 0.975639369902127, 0.9004620756825991, 0.7904162691158714, 1.084420258402092, 0.6682450712226676, 0.9661965161583553, 0.6363672949892366, 0.8456569382385772, 0.7963043307665657, 0.551188945976563, 0.8990194635838824, 0.7904072275027191, 0.8913813588964669, 0.7124786835979219, 0.8992023306099517, 0.8657582061203625, 0.6212128368096472, 0.7528829283148825, 0.8331314345738601, 0.913417308187596, 0.7253849725718214, 0.6674612710738226, 0.8509423339146694, 0.06747813210884086, 0.7199501254683541, 0.9999990000010001, 0.2644297681845504]",icnn_value_diagnostic
33,80,40,43,42,Proposed-H3,1.0,0.125,3.384429255984438,3.332130252121777,True,924.6175685527642,-4.9226176391551375,492.26176391551377,"[1.0, 1.0, 1.0, 1.0, -1.0]",exact,332.4665260507225,0.12599992752075195,2,0.0,,"[0.9148936170212766, 0.40971095706029814, 0.5588604200496976, 0.7864581528911029, 0.3930142945023223, 0.47913266130398935, 0.5011006018769825, 0.4996425270376452, 0.6837319242344261, 0.5020613435807396, 0.7566104510903439, 0.6866006656429663, 0.48571037945869067, 0.4055454118374411, 0.5060018149243798, 0.5531965732949075, 0.5915628190695521, 0.6483817783278321, 0.42037765604101374, 0.36837271151182754, 0.46310482432379985, 0.6203454221328272, 0.4502148029886683, 0.5062527375355214, 0.5317243108117405, 0.3967265302235796, 0.5386797208269299, 0.6216991374151817, 0.56870205144688, 0.48769379738306706, 0.48236821081337206, 0.5152760128911508, 0.3537839189979061, 0.4969066277105288, 0.5148297661145798, 0.4413739791338562, 0.549081979243504, 0.5569095873223383, 0.6532324871609114, 0.582081683336468, 0.550508731582034, 0.4788479838454716, 0.7125519187252384, 0.3133260358441744, 0.4041368402179361, 0.6352271105474839, 0.35491645240487735, 0.5726980409677369, 0.3998513183074133, 0.5264907475646499, 0.4069765598639128, 0.4626254712949136, 0.6817204545921179, 0.555385192381162, 0.4521100445187871, 0.5247913607025192, 0.5678295468115139, 0.36871559157059897, 0.5176595535765772, 0.32948790115560356, 0.6257006519641928, 0.6003652908995718, 0.45810452209710273, 0.5336179420621464, 0.4681861136651308, 0.0, 0.6610361005866401, 0.9999990000010001, 0.0]",icnn_value_diagnostic
33,84,0,3,2,MPC-3,0.5263974585994133,0.5,2.6504283825745225,2.6033264353479337,True,11.655571071638185,-18.092469237412782,1809.2469237412781,"[1.0, 1.0, 1.0, 1.0, -1.0]",exact,1354.4761591520416,9.389999866485596,2,0.0,,"[0.06382978723404255, 0.3664535341927405, 0.2691940059463802, -0.0058067665699245785, 0.1149461455664729, 0.26660038459866026, 0.26646439636711317, 0.3539166777599119, 0.2189658740749219, 0.2850869878376315, 0.07486856381971259, 0.2664187651995492, 0.24853622383746363, 0.188748705389002, 0.1414074521706827, 0.2702546091038509, 0.19772711328084394, 0.07961672362658048, 0.33344200222214165, 0.032684259933568084, 0.013277271417634642, 0.31021286575649903, 0.4454207575485397, 0.0996704061552024, 0.11760539291095683, 0.2498636759299658, 0.12643481902243878, 0.07234461188080273, 0.12767626778979022, 0.3424928310872827, 0.262078061262773, 0.08276959287976438, 0.0582683571677379, 0.3044134018938521, 0.04849916390608206, 0.28623321251156525, -0.031440947077311376, 0.15690425657749457, 0.24967494162051745, 0.08725787516085938, 0.36872892084517367, 0.20056120019487542, 0.03142929542120657, 0.18541908677069682, 0.24046998796915126, -0.012969006505913148, 0.20977901264906917, 0.21809587725207571, 0.05926186975436277, 0.10861974614232185, 0.3724669918250389, 0.12346745373950223, -0.000622940557220233, 0.17898646528594936, 0.2306012661331455, 0.08537226849757909, 0.2859362326906439, 0.3478279618821425, 0.32436102647317766, 0.11204678812210235, 0.046461235232155014, 0.050881741326770175, 0.09706194670813763, 0.27448704274920427, 0.0592224594081134, 0.0, 0.8200084133113554, 0.5263969322024812, 0.1666665925926255]",icnn_value_diagnostic
33,84,8,11,10,MPC-3,1.0,0.12499999966180396,2.5477126338574685,2.5945371996749858,True,78.08387857410622,-17.16352591177375,1716.352591177375,"[1.0, 1.0, 1.0, 1.0, -1.0]",exact,1296.4191100582773,9.014999866485596,2,0.0,,"[0.23404255319148937, 0.1706603340572125, 0.2187697486889424, 0.18207219742901773, 0.21461614768817341, 0.17281375043123795, 0.2777290018012757, -0.058148621748998715, 0.05849703154270442, 0.2707734369601919, 0.2786058092145709, 0.17846064580516496, 0.27004239533992175, 0.03475305958998931, 0.18479263469483814, 0.1680799497273994, 0.2109801417651561, 0.232903582173173, 0.2946280674750747, 0.26297042195134407, 0.1512443293323331, 0.18769806951104973, 0.10412068296688207, -0.04097007642248005, 0.18514390285232635, 0.2753657929945811, 0.14178407233824178, 0.18673046310903052, 0.15772267326337222, 0.0693584255406537, 0.2626046318462586, 0.10781029835127037, 0.09285910453599114, -0.02225714632373339, 0.1529162846430909, 0.10136858879236686, 0.20042742057486646, 0.16877790024270287, 0.36737980287981603, 0.1712049229817687, 0.13953305811379596, 0.1493163800126374, 0.20845153893854138, 0.13162759660608359, 0.25631924508325726, 0.20895071094099632, 0.08812718117746286, 0.11496521457375679, 0.2358804752020308, 0.156200089078616, 0.1841475455238655, 0.1901055852863345, 0.12791984861888578, 0.11066465396636137, 0.20639905791238786, 0.10961755356032936, 0.032003011082646894, 0.2131024380888561, 0.22438234095433196, 0.10459633688409961, 0.13404676397183168, 0.068011113770916, 0.14636576538427773, 0.26101187257772934, 0.14904488558136877, 0.0, 0.715762775326469, 0.9999990000010001, -1.5030928458111818e-10]",icnn_value_diagnostic
33,84,16,19,18,MPC-3,0.5597517423474443,0.12636847869440201,3.3209328785341663,3.341190545517853,True,215.06107090104342,-17.352727007808426,1735.2727007808426,"[1.0, 1.0, 1.0, 1.0, -1.0]",exact,1189.683335728214,7.224999904632568,2,0.0,,"[0.40425531914893614, 0.584470637816813, 0.5213432254328616, 0.45116427276749893, 0.46044246126396177, 0.5301084674209554, 0.6506256162555825, 0.5274762818345534, 0.5317246660073957, 0.6340579883793873, 0.6019631887009961, 0.6047351741572756, 0.4270818430123114, 0.509118387746386, 0.33640861023694696, 0.5591458322389405, 0.5315829626359776, 0.4804649510889738, 0.4510892774075941, 0.5863000914334144, 0.5286981661930686, 0.5874600535859903, 0.3356307800185296, 0.2563506012803092, 0.5374345485081663, 0.47447600163972, 0.38023726088545184, 0.5536747547739643, 0.5419999007565166, 0.5988380976237062, 0.5208863509736791, 0.4181900858213036, 0.39519976363450504, 0.6310011366143412, 0.7061324776161592, 0.41323547267332317, 0.4505811429242541, 0.3928080218870596, 0.6369845156007499, 0.5258256659238882, 0.4280319069627709, 0.5945218675288104, 0.5528915838417268, 0.4244895087780481, 0.34548842385169526, 0.48432113884580114, 0.6793799376894265, 0.6970115275451244, 0.6392689881792842, 0.13895887097578852, 0.49530671777172175, 0.6163197243215737, 0.5121619079185037, 0.5042363983812505, 0.4725135453631528, 0.5443525126866277, 0.5486257016329991, 0.48555416295637654, 0.5228801993662543, 0.6019815743097917, 0.3086521481926371, 0.5702251578527212, 0.47818754752828413, 0.5332579256280745, 0.47324237998996677, 0.5976553387566865, 0.6987012993011651, 0.5597511825962618, 0.000608212482750903]",icnn_value_diagnostic
33,84,24,27,26,MPC-3,0.33164687139037213,0.12499999793223215,4.053745674565366,4.050627534251676,True,228.76431698785908,-16.592843349117402,1659.2843349117402,"[1.0, 1.0, 1.0, 1.0, 1.0]",exact,1558.5110070705698,0.7379999160766602,2,0.0,,"[0.574468085106383, 0.8837803843172822, 1.0057847969851768, 0.7336022890433649, 0.9875693622762137, 0.8522702848262994, 0.8807310809379141, 0.755247743078728, 0.7198058743183411, 0.9334335193303032, 0.7173506543287994, 0.7392586699816396, 0.8811694848237734, 0.7917778010268461, 0.707199214070091, 0.8430201271822096, 0.7168316289817559, 0.7974591543092212, 0.8600682638796255, 0.7738655387855119, 0.8487782039251279, 0.9465542072942977, 0.9462107325819527, 0.7711170801833677, 0.8092365246782337, 0.767656859882795, 0.93592060239069, 0.7337328900843851, 0.8061390303169687, 0.888324987455261, 0.7474945156660082, 0.8006193313931327, 0.7789539751972127, 0.8672070505354366, 0.8014078518117268, 0.7864542432265984, 0.7341729449910547, 0.9148182077511678, 0.6702315852545304, 0.8300793188275057, 0.9565877464358714, 0.775472357946048, 0.701937799541156, 0.8527689637535217, 1.0454378293736426, 0.5706819400773525, 0.9202207685493279, 0.6435821657762705, 1.00999971848801, 0.7171327187959528, 0.802267384435706, 1.1145953176497048, 0.9555089180496636, 0.8714883707246863, 0.8214036171404062, 0.6197433307480665, 1.0138144500180843, 1.0231757842038933, 0.7355711861216888, 0.83427769083057, 0.9966376017159669, 0.7292738033490649, 0.9379633171636679, 0.9383487093913145, 0.6178332202704416, 0.6018531666098911, 0.7182921526850214, 0.3316465397438324, -9.190075230353027e-10]",icnn_value_diagnostic
33,84,32,35,34,MPC-3,1.0,0.12499999987229468,4.123261325301983,4.085258496120042,True,673.0515433028372,-11.036988663412691,1103.6988663412692,"[1.0, -0.7521234459497024, 1.0, 1.0, 1.0]",exact,887.9737919950201,0.36299991607666016,2,0.0,,"[0.7446808510638298, 0.8204515508050848, 0.7371172843795345, 0.8386016660734824, 0.696329243665056, 0.7272785991956654, 0.6853470274972651, 0.8416612390329736, 0.9351358119724124, 0.8972067129853155, 0.7100122779415954, 0.8316556314209186, 0.7962822301624011, 0.8644125340000164, 0.6794065443768803, 0.8521485381386265, 0.6893890777373962, 0.858536625900673, 0.6292884963397274, 1.0830980255436187, 0.8018583187568697, 0.7643237083981381, 0.6766664875048226, 0.8438741007389132, 1.1278787133955996, 0.7954767047854253, 0.8748880595195112, 0.7626794034345387, 0.679719904890156, 0.9823273811705594, 0.5888022488891832, 1.0447920303320604, 0.7925442138602108, 0.6837952145530891, 0.8192172325344136, 0.7535378642623054, 0.7647848711957171, 1.0189597168711784, 0.9471838172920538, 0.6451315018504807, 0.8633072681935693, 0.7080679322752034, 0.9410409863195545, 0.8260981476119421, 0.6663905015972251, 0.7165782774042514, 0.7950363785070609, 0.8092851828553368, 0.83754030727541, 0.8740582398475552, 1.1081157158018788, 0.8811002259254896, 0.9880037003731597, 0.7153536246960474, 0.7761674753734626, 0.7318233427941124, 0.8728201382506069, 0.9226584639369956, 0.8421939782758313, 0.7991446357694918, 0.884074851954382, 0.7618964345097139, 0.8379407304750072, 0.893243884394537, 0.7518523723098727, 0.07383894088556187, 0.7552985921316204, 0.9999990000010001, -5.6757894126369764e-11]",icnn_value_diagnostic
33,84,40,43,42,MPC-3,1.0,0.12499999981057294,3.3122197994568627,3.344897658909508,True,1322.5004638062685,-4.60512691521217,460.51269152121705,"[1.0, 1.0, 1.0, 1.0, -1.0]",exact,320.8178996009286,0.09500002861022949,2,0.0,,"[0.9148936170212766, 0.6211320504819305, 0.5680350826836901, 0.571950199078641, 0.5254311228138872, 0.5213991950762457, 0.43797217120466025, 0.5409863018078607, 0.5571195299802862, 0.6322463386628621, 0.38995040711075546, 0.5171509445305412, 0.47226081000301134, 0.5781750278910931, 0.3072428572385011, 0.48672725434537806, 0.4114866639360613, 0.5357760632606465, 0.6343866256748464, 0.6242440806357006, 0.4706841332139389, 0.4688179357364319, 0.4062516097747654, 0.34037031111539434, 0.5247521141337165, 0.5723987415355885, 0.6343562964174548, 0.46788533476019095, 0.2413260749980098, 0.42737205078536467, 0.5389409058685547, 0.47838946691516593, 0.5450683650690984, 0.45314052136074134, 0.507473569331121, 0.6762692413331014, 0.4866595302247142, 0.40660104555433246, 0.5659569624518678, 0.3803243799490092, 0.3341326192513018, 0.6208540795463365, 0.44405883108982136, 0.5462700559613581, 0.35731803040003113, 0.4455622556880052, 0.6557601464025953, 0.365508379955453, 0.3753674815759872, 0.4880165620819343, 0.39944492482358773, 0.5283490161170714, 0.4678868825900221, 0.5096563920289562, 0.3941445113994717, 0.49430280007980026, 0.34123892770370406, 0.5368669489363778, 0.5687441876114105, 0.44101092801026814, 0.32519800017255124, 0.5826219886330075, 0.42039364410512275, 0.5135710427665837, 0.44729334307325286, 0.0, 0.7680400602980245, 0.9999990000010001, -8.418976585932053e-11]",icnn_value_diagnostic
33,84,0,3,2,Proposed-H3,0.6,2.0,2.6504283825745225,2.6033264353479337,True,44.4480224941322,-14.105026647885143,1410.5026647885143,"[1.0, 1.0, 1.0, 1.0, 1.0]",exact,1277.04882017623,11.02899980545044,2,0.0,,"[0.06382978723404255, 0.3664535341927405, 0.2691940059463802, -0.0058067665699245785, 0.1149461455664729, 0.26660038459866026, 0.26646439636711317, 0.3539166777599119, 0.2189658740749219, 0.2850869878376315, 0.07486856381971259, 0.2664187651995492, 0.24853622383746363, 0.188748705389002, 0.1414074521706827, 0.2702546091038509, 0.19772711328084394, 0.07961672362658048, 0.33344200222214165, 0.032684259933568084, 0.013277271417634642, 0.31021286575649903, 0.4454207575485397, 0.0996704061552024, 0.11760539291095683, 0.2498636759299658, 0.12643481902243878, 0.07234461188080273, 0.12767626778979022, 0.3424928310872827, 0.262078061262773, 0.08276959287976438, 0.0582683571677379, 0.3044134018938521, 0.04849916390608206, 0.28623321251156525, -0.031440947077311376, 0.15690425657749457, 0.24967494162051745, 0.08725787516085938, 0.36872892084517367, 0.20056120019487542, 0.03142929542120657, 0.18541908677069682, 0.24046998796915126, -0.012969006505913148, 0.20977901264906917, 0.21809587725207571, 0.05926186975436277, 0.10861974614232185, 0.3724669918250389, 0.12346745373950223, -0.000622940557220233, 0.17898646528594936, 0.2306012661331455, 0.08537226849757909, 0.2859362326906439, 0.3478279618821425, 0.32436102647317766, 0.11204678812210235, 0.046461235232155014, 0.050881741326770175, 0.09706194670813763, 0.27448704274920427, 0.0592224594081134, 0.0, 0.8200084133113554, 0.5999994000006, 0.8333329629631275]",icnn_value_diagnostic
33,84,8,11,10,Proposed-H3,1.0,0.3583547642055229,2.5477126338574685,2.5945371996749858,True,98.50761326255893,-16.804715362680138,1680.4715362680138,"[1.0, 1.0, 1.0, 1.0, -1.0]",exact,1268.336710443704,7.703000068664551,2,0.0,,"[0.23404255319148937, 0.1706603340572125, 0.2187697486889424, 0.18207219742901773, 0.21461614768817341, 0.17281375043123795, 0.2777290018012757, -0.058148621748998715, 0.05849703154270442, 0.2707734369601919, 0.2786058092145709, 0.17846064580516496, 0.27004239533992175, 0.03475305958998931, 0.18479263469483814, 0.1680799497273994, 0.2109801417651561, 0.232903582173173, 0.2946280674750747, 0.26297042195134407, 0.1512443293323331, 0.18769806951104973, 0.10412068296688207, -0.04097007642248005, 0.18514390285232635, 0.2753657929945811, 0.14178407233824178, 0.18673046310903052, 0.15772267326337222, 0.0693584255406537, 0.2626046318462586, 0.10781029835127037, 0.09285910453599114, -0.02225714632373339, 0.1529162846430909, 0.10136858879236686, 0.20042742057486646, 0.16877790024270287, 0.36737980287981603, 0.1712049229817687, 0.13953305811379596, 0.1493163800126374, 0.20845153893854138, 0.13162759660608359, 0.25631924508325726, 0.20895071094099632, 0.08812718117746286, 0.11496521457375679, 0.2358804752020308, 0.156200089078616, 0.1841475455238655, 0.1901055852863345, 0.12791984861888578, 0.11066465396636137, 0.20639905791238786, 0.10961755356032936, 0.032003011082646894, 0.2131024380888561, 0.22438234095433196, 0.10459633688409961, 0.13404676397183168, 0.068011113770916, 0.14636576538427773, 0.26101187257772934, 0.14904488558136877, 0.0, 0.715762775326469, 0.9999990000010001, 0.1037131824410402]",icnn_value_diagnostic
33,84,16,19,18,Proposed-H3,1.0,0.4926689406155822,3.3209328785341663,3.341190545517853,True,210.48676892631846,-15.079923963922406,1507.9923963922406,"[1.0, 1.0, 1.0, 1.0, -1.0]",exact,1165.7694714618792,6.829999923706055,2,0.0,,"[0.40425531914893614, 0.584470637816813, 0.5213432254328616, 0.45116427276749893, 0.46044246126396177, 0.5301084674209554, 0.6506256162555825, 0.5274762818345534, 0.5317246660073957, 0.6340579883793873, 0.6019631887009961, 0.6047351741572756, 0.4270818430123114, 0.509118387746386, 0.33640861023694696, 0.5591458322389405, 0.5315829626359776, 0.4804649510889738, 0.4510892774075941, 0.5863000914334144, 0.5286981661930686, 0.5874600535859903, 0.3356307800185296, 0.2563506012803092, 0.5374345485081663, 0.47447600163972, 0.38023726088545184, 0.5536747547739643, 0.5419999007565166, 0.5988380976237062, 0.5208863509736791, 0.4181900858213036, 0.39519976363450504, 0.6310011366143412, 0.7061324776161592, 0.41323547267332317, 0.4505811429242541, 0.3928080218870596, 0.6369845156007499, 0.5258256659238882, 0.4280319069627709, 0.5945218675288104, 0.5528915838417268, 0.4244895087780481, 0.34548842385169526, 0.48432113884580114, 0.6793799376894265, 0.6970115275451244, 0.6392689881792842, 0.13895887097578852, 0.49530671777172175, 0.6163197243215737, 0.5121619079185037, 0.5042363983812505, 0.4725135453631528, 0.5443525126866277, 0.5486257016329991, 0.48555416295637654, 0.5228801993662543, 0.6019815743097917, 0.3086521481926371, 0.5702251578527212, 0.47818754752828413, 0.5332579256280745, 0.47324237998996677, 0.5976553387566865, 0.6987012993011651, 0.9999990000010001, 0.16340834542543856]",icnn_value_diagnostic
33,84,24,27,26,Proposed-H3,1.0,2.3749999999668585,4.053745674565366,4.050627534251676,True,249.60140065327695,-12.95488721780875,1295.488721780875,"[1.0, 1.0, 1.0, 1.0, -1.0]",exact,1133.3086507974353,5.381999969482422,2,0.0,,"[0.574468085106383, 0.8837803843172822, 1.0057847969851768, 0.7336022890433649, 0.9875693622762137, 0.8522702848262994, 0.8807310809379141, 0.755247743078728, 0.7198058743183411, 0.9334335193303032, 0.7173506543287994, 0.7392586699816396, 0.8811694848237734, 0.7917778010268461, 0.707199214070091, 0.8430201271822096, 0.7168316289817559, 0.7974591543092212, 0.8600682638796255, 0.7738655387855119, 0.8487782039251279, 0.9465542072942977, 0.9462107325819527, 0.7711170801833677, 0.8092365246782337, 0.767656859882795, 0.93592060239069, 0.7337328900843851, 0.8061390303169687, 0.888324987455261, 0.7474945156660082, 0.8006193313931327, 0.7789539751972127, 0.8672070505354366, 0.8014078518117268, 0.7864542432265984, 0.7341729449910547, 0.9148182077511678, 0.6702315852545304, 0.8300793188275057, 0.9565877464358714, 0.775472357946048, 0.701937799541156, 0.8527689637535217, 1.0454378293736426, 0.5706819400773525, 0.9202207685493279, 0.6435821657762705, 1.00999971848801, 0.7171327187959528, 0.802267384435706, 1.1145953176497048, 0.9555089180496636, 0.8714883707246863, 0.8214036171404062, 0.6197433307480665, 1.0138144500180843, 1.0231757842038933, 0.7355711861216888, 0.83427769083057, 0.9966376017159669, 0.7292738033490649, 0.9379633171636679, 0.9383487093913145, 0.6178332202704416, 0.6018531666098911, 0.7182921526850214, 0.9999990000010001, 0.9999995555410235]",icnn_value_diagnostic
33,84,32,35,34,Proposed-H3,1.0,0.7221413094699881,4.123261325301983,4.085258496120042,True,430.60081774902204,-10.371197231310367,1037.1197231310366,"[-1.0, -1.0, 1.0, 1.0, 1.0]",exact,798.5073489506407,3.9630000591278076,2,0.0,,"[0.7446808510638298, 0.8204515508050848, 0.7371172843795345, 0.8386016660734824, 0.696329243665056, 0.7272785991956654, 0.6853470274972651, 0.8416612390329736, 0.9351358119724124, 0.8972067129853155, 0.7100122779415954, 0.8316556314209186, 0.7962822301624011, 0.8644125340000164, 0.6794065443768803, 0.8521485381386265, 0.6893890777373962, 0.858536625900673, 0.6292884963397274, 1.0830980255436187, 0.8018583187568697, 0.7643237083981381, 0.6766664875048226, 0.8438741007389132, 1.1278787133955996, 0.7954767047854253, 0.8748880595195112, 0.7626794034345387, 0.679719904890156, 0.9823273811705594, 0.5888022488891832, 1.0447920303320604, 0.7925442138602108, 0.6837952145530891, 0.8192172325344136, 0.7535378642623054, 0.7647848711957171, 1.0189597168711784, 0.9471838172920538, 0.6451315018504807, 0.8633072681935693, 0.7080679322752034, 0.9410409863195545, 0.8260981476119421, 0.6663905015972251, 0.7165782774042514, 0.7950363785070609, 0.8092851828553368, 0.83754030727541, 0.8740582398475552, 1.1081157158018788, 0.8811002259254896, 0.9880037003731597, 0.7153536246960474, 0.7761674753734626, 0.7318233427941124, 0.8728201382506069, 0.9226584639369956, 0.8421939782758313, 0.7991446357694918, 0.884074851954382, 0.7618964345097139, 0.8379407304750072, 0.893243884394537, 0.7518523723098727, 0.07383894088556187, 0.7552985921316204, 0.9999990000010001, 0.26539601958843045]",icnn_value_diagnostic
33,84,40,43,42,Proposed-H3,1.0,0.125,3.3122197994568627,3.344897658909508,True,951.3427606022286,-4.6051269149652425,460.51269149652427,"[1.0, 1.0, 1.0, 1.0, -1.0]",exact,320.817899576477,0.11299991607666016,2,0.0,,"[0.9148936170212766, 0.6211320504819305, 0.5680350826836901, 0.571950199078641, 0.5254311228138872, 0.5213991950762457, 0.43797217120466025, 0.5409863018078607, 0.5571195299802862, 0.6322463386628621, 0.38995040711075546, 0.5171509445305412, 0.47226081000301134, 0.5781750278910931, 0.3072428572385011, 0.48672725434537806, 0.4114866639360613, 0.5357760632606465, 0.6343866256748464, 0.6242440806357006, 0.4706841332139389, 0.4688179357364319, 0.4062516097747654, 0.34037031111539434, 0.5247521141337165, 0.5723987415355885, 0.6343562964174548, 0.46788533476019095, 0.2413260749980098, 0.42737205078536467, 0.5389409058685547, 0.47838946691516593, 0.5450683650690984, 0.45314052136074134, 0.507473569331121, 0.6762692413331014, 0.4866595302247142, 0.40660104555433246, 0.5659569624518678, 0.3803243799490092, 0.3341326192513018, 0.6208540795463365, 0.44405883108982136, 0.5462700559613581, 0.35731803040003113, 0.4455622556880052, 0.6557601464025953, 0.365508379955453, 0.3753674815759872, 0.4880165620819343, 0.39944492482358773, 0.5283490161170714, 0.4678868825900221, 0.5096563920289562, 0.3941445113994717, 0.49430280007980026, 0.34123892770370406, 0.5368669489363778, 0.5687441876114105, 0.44101092801026814, 0.32519800017255124, 0.5826219886330075, 0.42039364410512275, 0.5135710427665837, 0.44729334307325286, 0.0, 0.7680400602980245, 0.9999990000010001, 0.0]",icnn_value_diagnostic
33,88,0,3,2,MPC-3,0.6,0.5,2.49681983990551,2.634709936993539,True,18.32790260747782,-17.84761244585472,1784.7612445854718,"[1.0, 1.0, 1.0, 1.0, -1.0]",exact,1296.7812390362362,10.634999990463257,2,0.0,,"[0.06382978723404255, 0.1813811220706615, 0.06812306204062266, 0.15339147776507372, -0.005570503554551247, 0.19140903555183525, 0.11776850554263456, 0.13923730159766073, 0.012040707267365166, 0.16247189131056608, 0.08785381859074833, 0.09545095710209536, 0.25681796879002133, 0.06417654851026386, 0.30676134446637854, -0.05991189446401245, 0.08758018204978743, 0.04517925795754374, 0.017681789177378022, 0.22941603224706592, 0.006516500936970136, 0.16732421448649507, 0.2170937545850535, 0.17548331349002813, 0.03237063615578666, 0.12249004555333418, 0.3778795065936305, 0.267199430117199, 0.09661214560307144, 0.14411486591426964, 0.11846954425393215, 0.10435444537955813, 0.0476939416572802, 0.10358533025284006, 0.19433554708017858, 0.3121734537974343, 0.08311932472371303, 0.1425241011694341, 0.10750066007215493, 0.027291604814019165, 0.34053577406314683, 0.39836669591116974, 0.1177928275835655, 0.07523480988764303, 0.03600710365370704, 0.13262671830437728, 0.19137131351987666, 0.11095574059603075, 0.21914277485159425, 0.2632114669538829, 0.31209110582443855, 0.3854166826680376, 0.20597740981356438, 0.11057383583711389, -0.00571553963554851, 0.17721471423535012, -0.00998020725125967, 0.027986767452905906, 0.18520688085335968, 0.04906393439359868, 0.14100509088920346, 0.03478950542740603, 0.13547773754622183, 0.04059376472364102, -0.005765400700382542, 0.0, 0.6379060387232571, 0.5999994000006, 0.1666665925926255]",icnn_value_diagnostic
33,88,8,11,10,MPC-3,1.0,0.12499999962902983,2.6392196262368435,2.631839369334071,True,91.78597230059164,-17.146936246773482,1714.6936246773482,"[1.0, 1.0, 1.0, 1.0, -1.0]",exact,1246.0268489818377,7.180000066757202,2,0.0,,"[0.23404255319148937, 0.1381232569142905, 0.1362623990732467, 0.16588386124801707, 0.17514957052962293, 0.2845176388671283, 0.1641981510497772, 0.10903151606695623, 0.20536178229175361, 0.20824582526972785, 0.12967082727946097, 0.3174680638747476, 0.20884850400864366, 0.15196831857727575, 0.1280120780731542, 0.29581308326831834, 0.07193257670119688, 0.09353891378676157, 0.24507759494604145, 0.22393185779865363, 0.13950064916631605, 0.17887674827922426, 0.12400071048048458, 0.147781490837293, 0.17554196190270982, 0.08718812824895071, 0.13517662562829436, 0.15032861251190757, 0.3579715913838184, 0.4597202653470542, 0.15731778600169313, 0.12863940294644777, 0.18593137958804348, 0.14998880849783508, 0.20782838127593545, 0.1354393673826816, 0.12804525386990173, 0.12476796227261534, 0.1903650289085607, 0.239179958001175, 0.26111508235458514, 0.14408011203958748, 0.12654663641579467, 0.13149891775433142, 0.1396820920541953, 0.10512991427377427, 0.15224302592559885, 0.2067377436945118, 0.11106772947782126, 0.09314634164979842, 0.163584593172531, 0.1799207182046128, 0.3141249072297568, 0.138943103873092, 0.08894400524028571, 0.08902083825545425, 0.035906766126916116, 0.22377857164646453, 0.06385952207794042, 0.08114307571302382, 0.04255772659375152, 0.18769681539917343, 0.3673590563126556, 0.2855064667603151, 0.2468650365660903, 0.0, 0.7934919398550339, 0.9999990000010001, -1.648755583879431e-10]",icnn_value_diagnostic
33,88,16,19,18,MPC-3,0.7189314350639278,0.14634206580403597,3.409383109685577,3.379659392248141,True,253.18103998776238,-16.980593926371434,1698.0593926371434,"[1.0, 1.0, 1.0, 1.0, -1.0]",exact,1118.9290667835173,7.394999980926514,2,0.0,,"[0.40425531914893614, 0.5065425850752114, 0.5392965643199396, 0.534736693232286, 0.4123679385642728, 0.48110000240860634, 0.53879472113074, 0.505970997870875, 0.4777498170462717, 0.6203072900730102, 0.4766382496105841, 0.49852585826496487, 0.4712149773870232, 0.4301929907358875, 0.3613268108291186, 0.4676448421981217, 0.39183059281506033, 0.44453637416265096, 0.42708323152214756, 0.5390670025028231, 0.4943488406232753, 0.5083367945538889, 0.6499227231901701, 0.5807040729890511, 0.45990133664269406, 0.5789302414695601, 0.5141954255334014, 0.45671734172156625, 0.518467217111568, 0.6048256676874763, 0.7649486816649714, 0.610364371241047, 0.6521294678212742, 0.5922562920365022, 0.4213552781536653, 0.40297750851057457, 0.5239306456635501, 0.6327700989994283, 0.5815059619150362, 0.4190815094748861, 0.6017392216565659, 0.4866476999767989, 0.4694531318830857, 0.6527779279370095, 0.44124328127447443, 0.4744921747585733, 0.5100831617610342, 0.39016448838294027, 0.44249285778589764, 0.644956428082941, 0.5533885812099232, 0.6443119099292426, 0.5670663945965332, 0.4337469376334128, 0.47090138010956956, 0.6010299706693655, 0.4654732844321949, 0.419053404773847, 0.33286312120376027, 0.6661703630393773, 0.6692795693457462, 0.49623162600142834, 0.33637928555896934, 0.4518669297624183, 0.36202701096701373, 0.5435329519126161, 0.6297205601410337, 0.7189307161332117, 0.009485358363856713]",icnn_value_diagnostic
33,88,24,27,26,MPC-3,0.6,0.12500000000599454,4.196465133082054,4.1093303288521055,True,285.13001847024583,-16.07637806909152,1607.6378069091518,"[1.0, 1.0, 1.0, 1.0, 1.0]",exact,1410.839814832185,5.389000177383423,2,0.0,,"[0.574468085106383, 0.895177534775705, 1.044404284142025, 0.8487405868145318, 0.9631172127084642, 0.908909836404925, 0.9073873636510298, 0.9092929317577957, 0.8996002317815016, 1.023288737300581, 1.0668760451539188, 0.5983251710596446, 0.7406080368979582, 0.8483969470298511, 1.0213323629884357, 0.6730001786274122, 0.706897310810819, 0.8821083381859685, 0.8641115074034398, 0.8093621659217989, 0.8052588555923598, 0.8825599594352043, 0.8214260939984306, 1.041358357236168, 0.8107685463793799, 0.7993406257633752, 0.8329924752533313, 0.8127019613739201, 0.8598044990868401, 0.8165299117042715, 0.947352067054779, 0.924711985832205, 0.7539468548400187, 0.8477080655432061, 0.954108829397835, 0.7864209069810895, 0.8050957662496988, 0.9163937488157802, 0.7369201831067161, 0.7840549711873569, 0.77107330144526, 0.8545237790564585, 1.0656739306132246, 0.7947184734571865, 0.6644465426271924, 0.6013647748084582, 0.8674608882787072, 1.0775575242653115, 0.842984756578025, 0.7904977821748087, 0.7922345598180649, 0.6177339794575588, 0.8373309172762542, 1.020202153996684, 0.9468360602830541, 0.8578179126969961, 0.7065444584956485, 0.7202705243304014, 0.8763127618003737, 0.7270740025397237, 0.7174286116395641, 0.7593491916368613, 0.9097041457958875, 0.8110886213370208, 0.940607927617362, 0.520121511839547, 0.6762228707109916, 0.5999994000006, 2.6642380155213576e-12]",icnn_value_diagnostic
33,88,32,35,34,MPC-3,1.0,0.12499999987219912,4.01208398515969,4.083459625513068,True,600.2785632236712,-10.994939812319382,1099.4939812319383,"[1.0, -0.8158158309490653, 1.0, 1.0, 1.0]",exact,867.7556864827575,0.4269998073577881,2,0.0,,"[0.7446808510638298, 0.9447431410915929, 0.8030655640193185, 0.5948356738531776, 0.8630629052811637, 0.8622104248401028, 0.6830343125681021, 0.863339260772151, 0.8173025883364256, 1.0253053803318595, 0.8904556239441225, 0.8164598514503392, 0.9424917396936597, 0.7639712313133288, 0.6968067217989722, 0.6533519711330583, 1.0873870201823477, 0.8668204836091304, 0.8859679049291566, 0.8271793066782707, 0.765676459509804, 0.8917904496377151, 0.8714670713528924, 0.8220472853684299, 0.7364074338064146, 0.7459707771649327, 0.7988220411142372, 0.7850790574486889, 0.7284249495005236, 0.8064019811717497, 0.8121200827757079, 0.7132437900845312, 0.8718815342223608, 0.8231687937937616, 0.6677974702157256, 0.7955734567809937, 0.6898424071766246, 1.0358029601664158, 0.9522429536354579, 0.9322273617460226, 0.9232725309420076, 0.7310792055349223, 0.9188115550230608, 1.1100281854421397, 0.6835407035054071, 0.7477491758135051, 0.9158529302341203, 0.6328187900627283, 0.818904517283695, 0.9027647692650952, 0.7162589408693253, 0.7833770622238827, 0.7963402132826042, 0.8396590668605273, 0.8429551562366397, 0.8092729426300195, 0.7709297877486165, 0.5727926109473794, 0.9372308134128041, 0.8826348613780133, 0.9123471162714918, 0.9195863072917491, 0.6056399334109863, 0.7681121921991114, 1.0249948783809295, 0.07793943261650428, 0.7160448118629138, 0.9999990000010001, -5.680036630609085e-11]",icnn_value_diagnostic
33,88,40,43,42,MPC-3,1.0,0.12500000107956877,3.323750239666289,3.3389710686122185,True,1230.7233827895654,-4.718779487532106,471.8779487532106,"[1.0, 1.0, 1.0, 1.0, -1.0]",exact,293.37561245017184,0.13199996948242188,2,0.0,,"[0.9148936170212766, 0.4365178650802566, 0.3773286693567982, 0.4361306245857333, 0.5228986249546597, 0.4969899393302568, 0.4515441193003931, 0.4606235582466043, 0.4233470445089227, 0.40552693923301325, 0.4102339027232248, 0.5630606109016549, 0.5036980271889506, 0.40805168342459935, 0.504923025135246, 0.4696592742716703, 0.45723179212526316, 0.6311468667838114, 0.3762682617830145, 0.4696229654508744, 0.48947424690792285, 0.5574065259847584, 0.5159531983353889, 0.4194325350105631, 0.7251938427215784, 0.5539515432363091, 0.5806483936674932, 0.4210645358501961, 0.6037346666525929, 0.4302399761811866, 0.4478254526164321, 0.442445884755352, 0.29426320113373006, 0.45157133906413055, 0.41732643475791303, 0.48379929682820333, 0.6353127256561408, 0.5325852157078453, 0.38473445785435156, 0.46398236894898615, 0.4151510812773602, 0.6992356053712865, 0.34507235675283776, 0.5617204878383906, 0.529680910751613, 0.5997349881248444, 0.4912611843155663, 0.6267288690093551, 0.3826605000873284, 0.47449071799506165, 0.5514587728657102, 0.4762082526258188, 0.470428962555305, 0.5820983768324344, 0.7883665038120022, 0.20782888221542611, 0.4700581138052145, 0.39436794667046043, 0.4017898665610402, 0.44611944556727134, 0.3591618495079657, 0.5672559864863898, 0.6399242531932243, 0.3432975510604005, 0.43642680747569507, 0.0, 0.6956711989658882, 0.9999990000010001, 4.798081279584026e-10]",icnn_value_diagnostic
33,88,0,3,2,Proposed-H3,0.6,2.0,2.49681983990551,2.634709936993539,True,51.272044966645666,-14.179595878879086,1417.9595878879086,"[1.0, 1.0, 1.0, 1.0, 1.0]",exact,1202.123589862789,9.387999773025513,2,0.0,,"[0.06382978723404255, 0.1813811220706615, 0.06812306204062266, 0.15339147776507372, -0.005570503554551247, 0.19140903555183525, 0.11776850554263456, 0.13923730159766073, 0.012040707267365166, 0.16247189131056608, 0.08785381859074833, 0.09545095710209536, 0.25681796879002133, 0.06417654851026386, 0.30676134446637854, -0.05991189446401245, 0.08758018204978743, 0.04517925795754374, 0.017681789177378022, 0.22941603224706592, 0.006516500936970136, 0.16732421448649507, 0.2170937545850535, 0.17548331349002813, 0.03237063615578666, 0.12249004555333418, 0.3778795065936305, 0.267199430117199, 0.09661214560307144, 0.14411486591426964, 0.11846954425393215, 0.10435444537955813, 0.0476939416572802, 0.10358533025284006, 0.19433554708017858, 0.3121734537974343, 0.08311932472371303, 0.1425241011694341, 0.10750066007215493, 0.027291604814019165, 0.34053577406314683, 0.39836669591116974, 0.1177928275835655, 0.07523480988764303, 0.03600710365370704, 0.13262671830437728, 0.19137131351987666, 0.11095574059603075, 0.21914277485159425, 0.2632114669538829, 0.31209110582443855, 0.3854166826680376, 0.20597740981356438, 0.11057383583711389, -0.00571553963554851, 0.17721471423535012, -0.00998020725125967, 0.027986767452905906, 0.18520688085335968, 0.04906393439359868, 0.14100509088920346, 0.03478950542740603, 0.13547773754622183, 0.04059376472364102, -0.005765400700382542, 0.0, 0.6379060387232571, 0.5999994000006, 0.8333329629631275]",icnn_value_diagnostic
33,88,8,11,10,Proposed-H3,1.0,0.5483545896539819,2.6392196262368435,2.631839369334071,True,128.27505769629897,-16.495978494935105,1649.5978494935105,"[1.0, 1.0, 1.0, 1.0, -1.0]",exact,1194.9058185235044,7.9710001945495605,2,0.0,,"[0.23404255319148937, 0.1381232569142905, 0.1362623990732467, 0.16588386124801707, 0.17514957052962293, 0.2845176388671283, 0.1641981510497772, 0.10903151606695623, 0.20536178229175361, 0.20824582526972785, 0.12967082727946097, 0.3174680638747476, 0.20884850400864366, 0.15196831857727575, 0.1280120780731542, 0.29581308326831834, 0.07193257670119688, 0.09353891378676157, 0.24507759494604145, 0.22393185779865363, 0.13950064916631605, 0.17887674827922426, 0.12400071048048458, 0.147781490837293, 0.17554196190270982, 0.08718812824895071, 0.13517662562829436, 0.15032861251190757, 0.3579715913838184, 0.4597202653470542, 0.15731778600169313, 0.12863940294644777, 0.18593137958804348, 0.14998880849783508, 0.20782838127593545, 0.1354393673826816, 0.12804525386990173, 0.12476796227261534, 0.1903650289085607, 0.239179958001175, 0.26111508235458514, 0.14408011203958748, 0.12654663641579467, 0.13149891775433142, 0.1396820920541953, 0.10512991427377427, 0.15224302592559885, 0.2067377436945118, 0.11106772947782126, 0.09314634164979842, 0.163584593172531, 0.1799207182046128, 0.3141249072297568, 0.138943103873092, 0.08894400524028571, 0.08902083825545425, 0.035906766126916116, 0.22377857164646453, 0.06385952207794042, 0.08114307571302382, 0.04255772659375152, 0.18769681539917343, 0.3673590563126556, 0.2855064667603151, 0.2468650365660903, 0.0, 0.7934919398550339, 0.9999990000010001, 0.18815751177620893]",icnn_value_diagnostic
33,88,16,19,18,Proposed-H3,1.0,0.4066851082779833,3.409383109685577,3.379659392248141,True,246.9705443169661,-15.488839792191675,1548.8839792191675,"[1.0, 1.0, 1.0, 1.0, -1.0]",exact,1088.800515741216,7.083999872207642,2,0.0,,"[0.40425531914893614, 0.5065425850752114, 0.5392965643199396, 0.534736693232286, 0.4123679385642728, 0.48110000240860634, 0.53879472113074, 0.505970997870875, 0.4777498170462717, 0.6203072900730102, 0.4766382496105841, 0.49852585826496487, 0.4712149773870232, 0.4301929907358875, 0.3613268108291186, 0.4676448421981217, 0.39183059281506033, 0.44453637416265096, 0.42708323152214756, 0.5390670025028231, 0.4943488406232753, 0.5083367945538889, 0.6499227231901701, 0.5807040729890511, 0.45990133664269406, 0.5789302414695601, 0.5141954255334014, 0.45671734172156625, 0.518467217111568, 0.6048256676874763, 0.7649486816649714, 0.610364371241047, 0.6521294678212742, 0.5922562920365022, 0.4213552781536653, 0.40297750851057457, 0.5239306456635501, 0.6327700989994283, 0.5815059619150362, 0.4190815094748861, 0.6017392216565659, 0.4866476999767989, 0.4694531318830857, 0.6527779279370095, 0.44124328127447443, 0.4744921747585733, 0.5100831617610342, 0.39016448838294027, 0.44249285778589764, 0.644956428082941, 0.5533885812099232, 0.6443119099292426, 0.5670663945965332, 0.4337469376334128, 0.47090138010956956, 0.6010299706693655, 0.4654732844321949, 0.419053404773847, 0.33286312120376027, 0.6661703630393773, 0.6692795693457462, 0.49623162600142834, 0.33637928555896934, 0.4518669297624183, 0.36202701096701373, 0.5435329519126161, 0.6297205601410337, 0.9999990000010001, 0.12519332581540332]",icnn_value_diagnostic
33,88,24,27,26,Proposed-H3,1.0,1.8679451031362697,4.196465133082054,4.1093303288521055,True,282.3658427953636,-13.824118030402758,1382.4118030402758,"[1.0, 1.0, 1.0, 1.0, 1.0]",exact,1086.5603137085686,4.765000104904175,2,0.0,,"[0.574468085106383, 0.895177534775705, 1.044404284142025, 0.8487405868145318, 0.9631172127084642, 0.908909836404925, 0.9073873636510298, 0.9092929317577957, 0.8996002317815016, 1.023288737300581, 1.0668760451539188, 0.5983251710596446, 0.7406080368979582, 0.8483969470298511, 1.0213323629884357, 0.6730001786274122, 0.706897310810819, 0.8821083381859685, 0.8641115074034398, 0.8093621659217989, 0.8052588555923598, 0.8825599594352043, 0.8214260939984306, 1.041358357236168, 0.8107685463793799, 0.7993406257633752, 0.8329924752533313, 0.8127019613739201, 0.8598044990868401, 0.8165299117042715, 0.947352067054779, 0.924711985832205, 0.7539468548400187, 0.8477080655432061, 0.954108829397835, 0.7864209069810895, 0.8050957662496988, 0.9163937488157802, 0.7369201831067161, 0.7840549711873569, 0.77107330144526, 0.8545237790564585, 1.0656739306132246, 0.7947184734571865, 0.6644465426271924, 0.6013647748084582, 0.8674608882787072, 1.0775575242653115, 0.842984756578025, 0.7904977821748087, 0.7922345598180649, 0.6177339794575588, 0.8373309172762542, 1.020202153996684, 0.9468360602830541, 0.8578179126969961, 0.7065444584956485, 0.7202705243304014, 0.8763127618003737, 0.7270740025397237, 0.7174286116395641, 0.7593491916368613, 0.9097041457958875, 0.8110886213370208, 0.940607927617362, 0.520121511839547, 0.6762228707109916, 0.9999990000010001, 0.7746419237752649]",icnn_value_diagnostic
33,88,32,35,34,Proposed-H3,1.0,0.6857822230004825,4.01208398515969,4.083459625513068,True,427.1774056632748,-10.382650670779347,1038.2650670779346,"[-1.0, -1.0, 1.0, 1.0, 1.0]",exact,782.88239232519,0.4530000686645508,2,0.0,,"[0.7446808510638298, 0.9447431410915929, 0.8030655640193185, 0.5948356738531776, 0.8630629052811637, 0.8622104248401028, 0.6830343125681021, 0.863339260772151, 0.8173025883364256, 1.0253053803318595, 0.8904556239441225, 0.8164598514503392, 0.9424917396936597, 0.7639712313133288, 0.6968067217989722, 0.6533519711330583, 1.0873870201823477, 0.8668204836091304, 0.8859679049291566, 0.8271793066782707, 0.765676459509804, 0.8917904496377151, 0.8714670713528924, 0.8220472853684299, 0.7364074338064146, 0.7459707771649327, 0.7988220411142372, 0.7850790574486889, 0.7284249495005236, 0.8064019811717497, 0.8121200827757079, 0.7132437900845312, 0.8718815342223608, 0.8231687937937616, 0.6677974702157256, 0.7955734567809937, 0.6898424071766246, 1.0358029601664158, 0.9522429536354579, 0.9322273617460226, 0.9232725309420076, 0.7310792055349223, 0.9188115550230608, 1.1100281854421397, 0.6835407035054071, 0.7477491758135051, 0.9158529302341203, 0.6328187900627283, 0.818904517283695, 0.9027647692650952, 0.7162589408693253, 0.7833770622238827, 0.7963402132826042, 0.8396590668605273, 0.8429551562366397, 0.8092729426300195, 0.7709297877486165, 0.5727926109473794, 0.9372308134128041, 0.8826348613780133, 0.9123471162714918, 0.9195863072917491, 0.6056399334109863, 0.7681121921991114, 1.0249948783809295, 0.07793943261650428, 0.7160448118629138, 0.9999990000010001, 0.2492364327840221]",icnn_value_diagnostic
33,88,40,43,42,Proposed-H3,1.0,0.125,3.323750239666289,3.3389710686122185,True,926.9067431467283,-4.718779488939421,471.8779488939421,"[1.0, 1.0, 1.0, 1.0, -1.0]",exact,293.3756125886231,0.11800003051757812,2,0.0,,"[0.9148936170212766, 0.4365178650802566, 0.3773286693567982, 0.4361306245857333, 0.5228986249546597, 0.4969899393302568, 0.4515441193003931, 0.4606235582466043, 0.4233470445089227, 0.40552693923301325, 0.4102339027232248, 0.5630606109016549, 0.5036980271889506, 0.40805168342459935, 0.504923025135246, 0.4696592742716703, 0.45723179212526316, 0.6311468667838114, 0.3762682617830145, 0.4696229654508744, 0.48947424690792285, 0.5574065259847584, 0.5159531983353889, 0.4194325350105631, 0.7251938427215784, 0.5539515432363091, 0.5806483936674932, 0.4210645358501961, 0.6037346666525929, 0.4302399761811866, 0.4478254526164321, 0.442445884755352, 0.29426320113373006, 0.45157133906413055, 0.41732643475791303, 0.48379929682820333, 0.6353127256561408, 0.5325852157078453, 0.38473445785435156, 0.46398236894898615, 0.4151510812773602, 0.6992356053712865, 0.34507235675283776, 0.5617204878383906, 0.529680910751613, 0.5997349881248444, 0.4912611843155663, 0.6267288690093551, 0.3826605000873284, 0.47449071799506165, 0.5514587728657102, 0.4762082526258188, 0.470428962555305, 0.5820983768324344, 0.7883665038120022, 0.20782888221542611, 0.4700581138052145, 0.39436794667046043, 0.4017898665610402, 0.44611944556727134, 0.3591618495079657, 0.5672559864863898, 0.6399242531932243, 0.3432975510604005, 0.43642680747569507, 0.0, 0.6956711989658882, 0.9999990000010001, 0.0]",icnn_value_diagnostic
33,92,0,3,2,MPC-3,0.3871989724143105,0.5,2.5348081812106913,2.5972173674973575,True,5.51787885752975,-18.123309832924633,1812.3309832924633,"[1.0, 1.0, 1.0, 1.0, 1.0]",exact,1194.3028204108346,13.413000106811523,2,0.0,,"[0.06382978723404255, 0.2272055476712872, 0.35912204083735794, 0.13720979200937794, 0.049934291600160934, 0.21477579303182984, 0.06545585365713862, 0.3204880001455775, 0.09245987822332417, 0.32923576943687255, -0.04082552180981219, -0.013300802193272374, -0.04977856467955866, 0.21606549834748998, 0.3520924765425156, 0.04142764862111845, 0.14522779981136044, -0.00852374289448366, 0.03335280348906634, 0.20499774624905573, 0.09221625457432787, 0.05522170755502969, 0.21795028872572125, 0.1615185412887065, 0.03285947049045183, 0.36210520898363263, 0.2871204975655103, 0.15685168624378856, 0.1670241589501684, 0.10076575779180605, -0.03775104133038691, 0.16667871484248264, 0.23421952945251348, 0.17283742342549419, 0.0896183298217778, 0.15850026882235502, 0.001468711803849367, 0.2876860498832178, 0.22302143445256048, 0.23195206213693764, 0.0008323991950069765, 0.11799289600852894, 0.19732304659440364, 0.17911677264947878, 0.1753819191108038, 0.3268497820927212, 0.2895686089212097, 0.07040576979369319, 0.2959657096978112, 0.19991119305984545, 0.1444426041709377, 0.31096380745187285, 0.169351555297907, 0.209338419852658, 0.24746739832931197, 0.1566753474661974, -0.002594960540547751, 0.08078839260971629, 0.23984502353839415, 0.25066186788007044, 0.34547599694762415, 0.15243124051585719, -0.054177398421524935, 0.1276832689993887, 0.10676988401241459, 0.0, 0.8476503849712681, 0.3871985852157253, 0.1666665925926255]",icnn_value_diagnostic
33,92,8,11,10,MPC-3,1.0,0.12499999963146168,2.659014182295988,2.5867252083350962,True,86.4026481525165,-17.240466035690023,1724.0466035690024,"[1.0, 1.0, 1.0, 1.0, -1.0]",exact,1141.3242985425245,9.205000162124634,2,0.0,,"[0.23404255319148937, 0.11880368145047954, 0.17329232037082826, 0.15303001248331488, 0.07337864326452243, 0.10023632980952939, 0.2668381169522036, 0.12960331961121718, 0.014195597073085243, 0.18680928213478848, 0.20020026108708552, 0.2736958406697167, 0.08899149961536801, 0.3579848114001459, 0.12088173465263972, 0.1288411185323316, 0.05554177288903365, 0.11406329691070607, 0.3120344044372119, 0.22253212609342823, 0.18583633745130163, 0.16474415073591836, 0.07476623470615315, 0.3004520276072762, 0.20597203698249253, 0.20761283515234097, 0.05223426996541494, 0.18635188725447777, 0.20894413448744759, 0.145953992948532, 0.22453125539456556, 0.16069992785430343, 0.32020533806997553, 0.08818418978222704, 0.2666854121180375, 0.2289065214440203, 0.19785898788348422, 0.34367167220066197, 0.14503332230396784, 0.09704398542244738, 0.23795097867794376, 0.17206672665001008, 0.14418259292409238, 0.19982946857345651, 0.1506967003916043, 0.19171181594802902, 0.32200996196648735, 0.13107235323803842, 0.1497202480130049, 0.38998718880841343, 0.07377323304184275, 0.2043630933764751, 0.24854050938893038, 0.07232821211730518, 0.19104959826952442, 0.1988865598722364, 0.3548185059823335, 0.13039653350689917, 0.27338941604139366, 0.22517327126225878, 0.02477538195471209, 0.07922226985548358, 0.05436039902835369, 0.18963029115110125, 0.06656986096772054, 0.0, 0.6668263473603905, 0.9999990000010001, -1.6379473825011793e-10]",icnn_value_diagnostic
33,92,16,19,18,MPC-3,0.4168835520720953,0.1535079844767252,3.4309086273989626,3.326636927174465,True,224.47816428835088,-17.83299803067053,1783.299803067053,"[1.0, -1.0, 1.0, 1.0, 1.0]",exact,1031.7625895951992,8.339999914169312,2,0.0,,"[0.40425531914893614, 0.5217158679472305, 0.27413520653558393, 0.45483104338438435, 0.6329510114070479, 0.47391299617633786, 0.333044667675989, 0.6783448496541267, 0.48637234918170047, 0.5500465939418671, 0.6219377367385265, 0.5861296290872999, 0.4786738401518414, 0.6878409096578799, 0.5881304035230738, 0.46984160048749707, 0.4356725608478354, 0.4823935167618943, 0.43441814744991664, 0.5230109785143868, 0.5377572401926372, 0.560132068154362, 0.5884715602690357, 0.5846944197507288, 0.6982691570163955, 0.6248422672456393, 0.5602470333977844, 0.5221418799051775, 0.4048138314155192, 0.5572041077649773, 0.4095985562385644, 0.4469986084595989, 0.6476089989824908, 0.5352814851807917, 0.542576344224618, 0.46742143514163564, 0.6006813386161232, 0.34959296484660185, 0.5514427882507963, 0.3447816130695803, 0.5932110145062902, 0.6406434796118576, 0.5849810283140335, 0.5272815232806009, 0.3690758069108039, 0.5605334353980949, 0.7662530525971827, 0.49697775883117934, 0.42694990506192965, 0.42396647389341363, 0.5505862025724596, 0.398225436451498, 0.5497105421585625, 0.5117936697617533, 0.6599132385123408, 0.5052887542504668, 0.4111259302724953, 0.5218306085343657, 0.3947515528634098, 0.5549780536275641, 0.44010761618399097, 0.5327441050893635, 0.48371768045116686, 0.48940664055604916, 0.6861921240231582, 0.5879286668336797, 0.8410739326731744, 0.41688313518896014, 0.01267020969178467]",icnn_value_diagnostic
33,92,24,27,26,MPC-3,0.6000000000000003,0.12499983362613182,4.183149158982708,4.054259127533513,True,257.5273381770556,-15.961296198991773,1596.1296198991772,"[1.0, 0.9527721126436683, 1.0, 1.0, 1.0]",exact,1333.6302455251748,0.7860000133514404,2,0.0,,"[0.574468085106383, 1.0025000289503, 0.8861866949531247, 0.8124874989117933, 0.6931709209785554, 0.9747700817533537, 0.7791257425956527, 0.780335702399001, 0.8986311158608048, 0.7973565255988488, 0.9756016137899624, 0.7159619736794033, 0.796138679762159, 0.8615815348762227, 0.707564387337806, 0.8339619014834678, 0.7194104566773399, 0.7476853068406126, 1.0225885347079715, 0.9872660702103416, 0.7630314160914377, 0.7972608869066593, 0.8153311214995747, 0.8595463793908051, 1.1158403053585304, 0.8433755594622178, 0.9075343747662674, 0.7419536510432817, 1.1540030913756096, 0.8141014466267151, 0.6558863889287397, 0.9574350488182721, 0.8333088531763432, 0.9963603560227071, 0.9330943552173423, 0.6432659641761899, 0.9270321782679114, 0.8476377176731665, 0.8030382664676458, 0.8997153526636953, 0.782690300472587, 0.8852549891556525, 0.9834767529743144, 0.9089790359091334, 0.7065652683644421, 1.2023312391204946, 0.8713401024605606, 0.4589238282904454, 0.8659604160589736, 0.9009692649960105, 0.9190978309712732, 0.9357925143312508, 0.9728924040988498, 0.7048736147303463, 0.7177414713074036, 0.7577289841342463, 0.9055378687365194, 0.5122543470536849, 0.7032763111962933, 0.8453013390509629, 0.8283934034965534, 0.8287671664930715, 0.8079602047182504, 0.7730605214923993, 0.8792266791965561, 0.5339293261925044, 0.7378593258809596, 0.5999994000006004, -7.394390855039676e-08]",icnn_value_diagnostic
33,92,32,35,34,MPC-3,1.0,0.12499999987252372,4.0908584007173765,4.0860984382140995,True,563.5393245185162,-11.029231135793186,1102.9231135793186,"[1.0, -0.8369842026586702, 1.0, 1.0, 1.0]",exact,824.9310109742617,0.4330000877380371,2,0.0,,"[0.7446808510638298, 0.8392424839217992, 0.7573520443039224, 0.8766992745243051, 0.85430459393905, 1.1065900526441026, 0.925814160319132, 1.0341274802900777, 0.767030065777939, 0.8450585683935544, 0.8594381626149055, 0.8074230541713916, 0.804741800974286, 0.7692484453691126, 0.8085268229243535, 0.8570237097338564, 1.0637897664273819, 0.930505048052127, 0.7647511270631451, 0.9987920625682665, 0.9516445523141117, 1.0744648535323305, 0.9015717402575943, 0.8917407110464511, 0.648864426006812, 0.9044063487365184, 0.7194272559413953, 0.8532029930247267, 0.7286173364047538, 0.700644558532914, 0.6696230957376449, 0.7938240542528553, 0.8596367480595977, 0.6559021846941777, 0.6322367983950041, 0.9278866373890183, 0.8386660298964811, 0.6400762924144379, 0.6469578067681073, 0.9520035128688937, 0.6753275325642375, 0.8947892563966213, 0.7148007946143995, 0.820873810429752, 0.9160799823738504, 0.8919747321569014, 0.7872751685868633, 0.8134623961757407, 0.8925462447972137, 0.7143757017055119, 0.7988460120665473, 0.7525945425097851, 0.758496590060537, 0.6802378556162472, 0.9150625965420293, 0.5954904761566342, 0.8095472059916118, 0.772279614204475, 0.9907040065954145, 0.9369472699303887, 0.7166754377182377, 0.7119099100182513, 0.832710365966539, 0.8851524301501332, 0.7682631341814571, 0.06842372166614162, 0.7121907980374829, 0.9999990000010001, -5.665609905606528e-11]",icnn_value_diagnostic
33,92,40,43,42,MPC-3,1.0,0.12500000073035833,3.3338268789379075,3.377929472630668,True,1181.3986965974727,-4.689966570854923,468.99665708549236,"[1.0, 1.0, 1.0, 1.0, -1.0]",exact,292.07600273431876,0.13000011444091797,2,0.0,,"[0.9148936170212766, 0.6477902767524334, 0.5815609344087138, 0.6320466262088905, 0.5676159271982918, 0.4606008058812747, 0.34580956134147284, 0.5559540463265854, 0.6494241674733643, 0.44658256110161276, 0.5103147143283451, 0.515621839584018, 0.338406384756111, 0.49982677476089926, 0.442261275711758, 0.7053257278200612, 0.5987810837804103, 0.49749853900267577, 0.38617309731893285, 0.37585758034361966, 0.7457288512359965, 0.6008202117641483, 0.4815590185486345, 0.3161917930016804, 0.5270902453707412, 0.4470465207622939, 0.5815433610602875, 0.45868136659966585, 0.5187685336963032, 0.5289175066106688, 0.491000969170978, 0.503452425105453, 0.5483210461198736, 0.4355811088978538, 0.5036234006114046, 0.5412515123467221, 0.47301560851951874, 0.5965637011501523, 0.3822485667647677, 0.41928175106874754, 0.38958222046773916, 0.5936052467843284, 0.6047514145292292, 0.3879080280323763, 0.6393679081368805, 0.5568663579814208, 0.43827153723790296, 0.5654415805358873, 0.42065751746261776, 0.3585905284800179, 0.6807521851311077, 0.6524018554703849, 0.6534692732989869, 0.6199397299572154, 0.6220709675031577, 0.48028461263218764, 0.5634373611429927, 0.3888852603752917, 0.31117681964493255, 0.48449749267026876, 0.46270544382594303, 0.5946107130642637, 0.5292219166948227, 0.41568809402837836, 0.5685649278672945, 0.0, 0.8165670667691949, 0.9999990000010001, 3.246035576742043e-10]",icnn_value_diagnostic
33,92,0,3,2,Proposed-H3,0.6,2.0,2.5348081812106913,2.5972173674973575,True,38.125269990138605,-14.058874450714097,1405.8874450714097,"[1.0, 1.0, 1.0, 1.0, 1.0]",exact,1120.3697006291295,11.78600001335144,2,0.0,,"[0.06382978723404255, 0.2272055476712872, 0.35912204083735794, 0.13720979200937794, 0.049934291600160934, 0.21477579303182984, 0.06545585365713862, 0.3204880001455775, 0.09245987822332417, 0.32923576943687255, -0.04082552180981219, -0.013300802193272374, -0.04977856467955866, 0.21606549834748998, 0.3520924765425156, 0.04142764862111845, 0.14522779981136044, -0.00852374289448366, 0.03335280348906634, 0.20499774624905573, 0.09221625457432787, 0.05522170755502969, 0.21795028872572125, 0.1615185412887065, 0.03285947049045183, 0.36210520898363263, 0.2871204975655103, 0.15685168624378856, 0.1670241589501684, 0.10076575779180605, -0.03775104133038691, 0.16667871484248264, 0.23421952945251348, 0.17283742342549419, 0.0896183298217778, 0.15850026882235502, 0.001468711803849367, 0.2876860498832178, 0.22302143445256048, 0.23195206213693764, 0.0008323991950069765, 0.11799289600852894, 0.19732304659440364, 0.17911677264947878, 0.1753819191108038, 0.3268497820927212, 0.2895686089212097, 0.07040576979369319, 0.2959657096978112, 0.19991119305984545, 0.1444426041709377, 0.31096380745187285, 0.169351555297907, 0.209338419852658, 0.24746739832931197, 0.1566753474661974, -0.002594960540547751, 0.08078839260971629, 0.23984502353839415, 0.25066186788007044, 0.34547599694762415, 0.15243124051585719, -0.054177398421524935, 0.1276832689993887, 0.10676988401241459, 0.0, 0.8476503849712681, 0.5999994000006, 0.8333329629631275]",icnn_value_diagnostic
33,92,8,11,10,Proposed-H3,1.0,0.125,2.659014182295988,2.5867252083350962,True,100.238081234921,-17.24046603512335,1724.0466035123352,"[1.0, 1.0, 1.0, 1.0, -1.0]",exact,1141.3242984977342,12.087999820709229,2,0.0,,"[0.23404255319148937, 0.11880368145047954, 0.17329232037082826, 0.15303001248331488, 0.07337864326452243, 0.10023632980952939, 0.2668381169522036, 0.12960331961121718, 0.014195597073085243, 0.18680928213478848, 0.20020026108708552, 0.2736958406697167, 0.08899149961536801, 0.3579848114001459, 0.12088173465263972, 0.1288411185323316, 0.05554177288903365, 0.11406329691070607, 0.3120344044372119, 0.22253212609342823, 0.18583633745130163, 0.16474415073591836, 0.07476623470615315, 0.3004520276072762, 0.20597203698249253, 0.20761283515234097, 0.05223426996541494, 0.18635188725447777, 0.20894413448744759, 0.145953992948532, 0.22453125539456556, 0.16069992785430343, 0.32020533806997553, 0.08818418978222704, 0.2666854121180375, 0.2289065214440203, 0.19785898788348422, 0.34367167220066197, 0.14503332230396784, 0.09704398542244738, 0.23795097867794376, 0.17206672665001008, 0.14418259292409238, 0.19982946857345651, 0.1506967003916043, 0.19171181594802902, 0.32200996196648735, 0.13107235323803842, 0.1497202480130049, 0.38998718880841343, 0.07377323304184275, 0.2043630933764751, 0.24854050938893038, 0.07232821211730518, 0.19104959826952442, 0.1988865598722364, 0.3548185059823335, 0.13039653350689917, 0.27338941604139366, 0.22517327126225878, 0.02477538195471209, 0.07922226985548358, 0.05436039902835369, 0.18963029115110125, 0.06656986096772054, 0.0, 0.6668263473603905, 0.9999990000010001, 0.0]",icnn_value_diagnostic
33,92,16,19,18,Proposed-H3,1.0,0.6575720579479932,3.4309086273989626,3.326636927174465,True,217.77100213170343,-14.865370496002102,1486.5370496002101,"[1.0, 1.0, 1.0, 1.0, -1.0]",exact,998.0346655736026,7.984999895095825,2,0.0,,"[0.40425531914893614, 0.5217158679472305, 0.27413520653558393, 0.45483104338438435, 0.6329510114070479, 0.47391299617633786, 0.333044667675989, 0.6783448496541267, 0.48637234918170047, 0.5500465939418671, 0.6219377367385265, 0.5861296290872999, 0.4786738401518414, 0.6878409096578799, 0.5881304035230738, 0.46984160048749707, 0.4356725608478354, 0.4823935167618943, 0.43441814744991664, 0.5230109785143868, 0.5377572401926372, 0.560132068154362, 0.5884715602690357, 0.5846944197507288, 0.6982691570163955, 0.6248422672456393, 0.5602470333977844, 0.5221418799051775, 0.4048138314155192, 0.5572041077649773, 0.4095985562385644, 0.4469986084595989, 0.6476089989824908, 0.5352814851807917, 0.542576344224618, 0.46742143514163564, 0.6006813386161232, 0.34959296484660185, 0.5514427882507963, 0.3447816130695803, 0.5932110145062902, 0.6406434796118576, 0.5849810283140335, 0.5272815232806009, 0.3690758069108039, 0.5605334353980949, 0.7662530525971827, 0.49697775883117934, 0.42694990506192965, 0.42396647389341363, 0.5505862025724596, 0.398225436451498, 0.5497105421585625, 0.5117936697617533, 0.6599132385123408, 0.5052887542504668, 0.4111259302724953, 0.5218306085343657, 0.3947515528634098, 0.5549780536275641, 0.44010761618399097, 0.5327441050893635, 0.48371768045116686, 0.48940664055604916, 0.6861921240231582, 0.5879286668336797, 0.8410739326731744, 0.9999990000010001, 0.23669858722195822]",icnn_value_diagnostic
33,92,24,27,26,Proposed-H3,1.0,2.255534029001251,4.183149158982708,4.054259127533513,True,252.34034423163814,-13.389639814970055,1338.9639814970055,"[1.0, 1.0, 1.0, 1.0, -1.0]",exact,968.8695613633664,6.377000093460083,2,0.0,,"[0.574468085106383, 1.0025000289503, 0.8861866949531247, 0.8124874989117933, 0.6931709209785554, 0.9747700817533537, 0.7791257425956527, 0.780335702399001, 0.8986311158608048, 0.7973565255988488, 0.9756016137899624, 0.7159619736794033, 0.796138679762159, 0.8615815348762227, 0.707564387337806, 0.8339619014834678, 0.7194104566773399, 0.7476853068406126, 1.0225885347079715, 0.9872660702103416, 0.7630314160914377, 0.7972608869066593, 0.8153311214995747, 0.8595463793908051, 1.1158403053585304, 0.8433755594622178, 0.9075343747662674, 0.7419536510432817, 1.1540030913756096, 0.8141014466267151, 0.6558863889287397, 0.9574350488182721, 0.8333088531763432, 0.9963603560227071, 0.9330943552173423, 0.6432659641761899, 0.9270321782679114, 0.8476377176731665, 0.8030382664676458, 0.8997153526636953, 0.782690300472587, 0.8852549891556525, 0.9834767529743144, 0.9089790359091334, 0.7065652683644421, 1.2023312391204946, 0.8713401024605606, 0.4589238282904454, 0.8659604160589736, 0.9009692649960105, 0.9190978309712732, 0.9357925143312508, 0.9728924040988498, 0.7048736147303463, 0.7177414713074036, 0.7577289841342463, 0.9055378687365194, 0.5122543470536849, 0.7032763111962933, 0.8453013390509629, 0.8283934034965534, 0.8287671664930715, 0.8079602047182504, 0.7730605214923993, 0.8792266791965561, 0.5339293261925044, 0.7378593258809596, 0.9999990000010001, 0.946903592043404]",icnn_value_diagnostic
33,92,32,35,34,Proposed-H3,1.0,0.9555281433255668,4.0908584007173765,4.0860984382140995,True,386.97540553384636,-10.160107822968731,1016.0107822968731,"[-1.0, -1.0, 1.0, 1.0, 1.0]",exact,706.5186435290283,0.5169999599456787,2,0.0,,"[0.7446808510638298, 0.8392424839217992, 0.7573520443039224, 0.8766992745243051, 0.85430459393905, 1.1065900526441026, 0.925814160319132, 1.0341274802900777, 0.767030065777939, 0.8450585683935544, 0.8594381626149055, 0.8074230541713916, 0.804741800974286, 0.7692484453691126, 0.8085268229243535, 0.8570237097338564, 1.0637897664273819, 0.930505048052127, 0.7647511270631451, 0.9987920625682665, 0.9516445523141117, 1.0744648535323305, 0.9015717402575943, 0.8917407110464511, 0.648864426006812, 0.9044063487365184, 0.7194272559413953, 0.8532029930247267, 0.7286173364047538, 0.700644558532914, 0.6696230957376449, 0.7938240542528553, 0.8596367480595977, 0.6559021846941777, 0.6322367983950041, 0.9278866373890183, 0.8386660298964811, 0.6400762924144379, 0.6469578067681073, 0.9520035128688937, 0.6753275325642375, 0.8947892563966213, 0.7148007946143995, 0.820873810429752, 0.9160799823738504, 0.8919747321569014, 0.7872751685868633, 0.8134623961757407, 0.8925462447972137, 0.7143757017055119, 0.7988460120665473, 0.7525945425097851, 0.758496590060537, 0.6802378556162472, 0.9150625965420293, 0.5954904761566342, 0.8095472059916118, 0.772279614204475, 0.9907040065954145, 0.9369472699303887, 0.7166754377182377, 0.7119099100182513, 0.832710365966539, 0.8851524301501332, 0.7682631341814571, 0.06842372166614162, 0.7121907980374829, 0.9999990000010001, 0.3691234552009385]",icnn_value_diagnostic
33,92,40,43,42,Proposed-H3,1.0,0.125,3.3338268789379075,3.377929472630668,True,840.6771513850442,-4.68996657180698,468.996657180698,"[1.0, 1.0, 1.0, 1.0, -1.0]",exact,292.07600282786757,0.1530001163482666,2,0.0,,"[0.9148936170212766, 0.6477902767524334, 0.5815609344087138, 0.6320466262088905, 0.5676159271982918, 0.4606008058812747, 0.34580956134147284, 0.5559540463265854, 0.6494241674733643, 0.44658256110161276, 0.5103147143283451, 0.515621839584018, 0.338406384756111, 0.49982677476089926, 0.442261275711758, 0.7053257278200612, 0.5987810837804103, 0.49749853900267577, 0.38617309731893285, 0.37585758034361966, 0.7457288512359965, 0.6008202117641483, 0.4815590185486345, 0.3161917930016804, 0.5270902453707412, 0.4470465207622939, 0.5815433610602875, 0.45868136659966585, 0.5187685336963032, 0.5289175066106688, 0.491000969170978, 0.503452425105453, 0.5483210461198736, 0.4355811088978538, 0.5036234006114046, 0.5412515123467221, 0.47301560851951874, 0.5965637011501523, 0.3822485667647677, 0.41928175106874754, 0.38958222046773916, 0.5936052467843284, 0.6047514145292292, 0.3879080280323763, 0.6393679081368805, 0.5568663579814208, 0.43827153723790296, 0.5654415805358873, 0.42065751746261776, 0.3585905284800179, 0.6807521851311077, 0.6524018554703849, 0.6534692732989869, 0.6199397299572154, 0.6220709675031577, 0.48028461263218764, 0.5634373611429927, 0.3888852603752917, 0.31117681964493255, 0.48449749267026876, 0.46270544382594303, 0.5946107130642637, 0.5292219166948227, 0.41568809402837836, 0.5685649278672945, 0.0, 0.8165670667691949, 0.9999990000010001, 0.0]",icnn_value_diagnostic
33,96,0,3,2,MPC-3,0.6,0.5,2.55438149584852,2.5787739831932615,True,15.213147284882151,-17.850626019272504,1785.0626019272504,"[1.0, 1.0, 1.0, 1.0, -1.0]",exact,1284.7304863368872,14.575999975204468,2,0.0,,"[0.06382978723404255, 0.030108614714693914, 0.2483373269809879, 0.04100809177421122, 0.2597617959392954, 0.13620626940113956, 0.2840017933879319, 0.12027303525788538, 0.19366467116018823, 0.27038853464561413, 0.2836032480041737, 0.07547637400842835, 0.36075283761953736, 0.1388087871433487, 0.16475630634004412, 0.06687142100448397, 0.059747554607142414, 0.028856550184026754, 0.06651272118248458, 0.1940804592322979, 0.06562213458602548, 0.0014681429376758631, 0.19190851975766335, 0.10232589040125868, 0.010455595212999342, 0.192092912419788, 0.1322539465834423, -0.005544636894933678, 0.17196349605834935, 0.2534718109098566, 0.2572886990688833, 0.30680025416715884, 0.27120388869292866, 0.053071307630086065, 0.12045878104390077, 0.25634998017945676, 0.24373569105454912, 0.22876452946969683, 0.39734733229555735, 0.1297441262490956, 0.11699779385154929, 0.28787281983757346, 0.14482833171862236, 0.49459515025955697, 0.2060705683086469, 0.31856874933809937, 0.19129430955370694, 0.08790012863560319, -0.0616193355320223, 0.088245784780275, 0.1913053622663458, 0.33061812217368636, 0.29825600511917266, 0.06345283831797548, 0.11597805260633516, 0.12236128417583736, 0.052441563247748596, 0.1822177332329105, 0.1687151196044743, 0.1146241965454126, 0.1619996839182824, 0.18028661707016727, 0.15587061689598403, 0.19270324638857375, 0.2634463064986389, 0.0, 0.7514603688966076, 0.5999994000006, 0.1666665925926255]",icnn_value_diagnostic
33,96,8,11,10,MPC-3,1.0,0.1249999996282582,2.6089640877936375,2.5233990065074523,True,81.35885680023998,-17.130834202160994,1713.0834202160993,"[1.0, 1.0, 1.0, 1.0, -1.0]",exact,1249.5957081118956,11.529000043869019,2,0.0,,"[0.23404255319148937, 0.20664549449969224, 0.016905875073075692, 0.13733522498014974, -0.02687953179492571, 0.05631007256196747, 0.20540234594604825, 0.26077148099348224, 0.11179246512120192, 0.18468207679244222, 0.12279115168369358, 0.1102265314249348, 0.18072206939564006, 0.19809075873289542, 0.2014698808897593, 0.11512964847434587, 0.06377144319970453, 0.16344533924046675, 0.12500932784629182, 0.2457844531937945, 0.07672730733629712, 0.17959868971752457, 0.07436747180377684, 0.2244359840744376, 0.22022794897330178, 0.20147363874476854, 0.101229537768812, 0.10226318820017215, 0.4327414313370325, 0.2448029665004073, 0.03517940732472079, 0.057929915654722795, 0.08336758903942923, 0.17110999843681707, 0.09245904807568676, 0.055497226725505645, 0.16949740952774672, 0.10824817962461196, 0.020411435510398215, 0.060200330702422526, 0.19184130761643028, 0.19117740463184718, 0.24894852262818484, 0.2395140642528672, 0.1319730618187388, 0.2375435457722145, 0.26773035730715344, 0.07632719012143502, 0.24157839852222238, 0.07357535512213063, 0.1853069307407158, 0.25118413957816593, 0.16936095017946198, 0.22406440603140987, 0.10885778703536202, 0.15597345056962444, 0.07090826984526931, 0.12673801530676276, 0.1982357529986264, 0.2018078728165655, 0.0794177064287989, 0.3480154371829912, 0.2492936488395892, 0.05365956296804276, 0.10074142356858913, 0.0, 0.8393326696737228, 0.9999990000010001, -1.6521850612782857e-10]",icnn_value_diagnostic
33,96,16,19,18,MPC-3,0.4860143788792769,0.14389457789213303,3.309955901489278,3.381677748351176,True,213.45332023265732,-17.541254256337048,1754.1254256337047,"[1.0, 1.0, 1.0, 1.0, -1.0]",exact,1172.236578823911,10.727999925613403,2,0.0,,"[0.40425531914893614, 0.5048543680808999, 0.552611242479797, 0.6178387799197266, 0.5259279166710124, 0.4973089134339073, 0.4941872973579872, 0.6207380604976892, 0.46882840327979175, 0.4036486305445406, 0.3549050026207965, 0.5171654046511668, 0.2673612465257345, 0.42729393352487366, 0.4989650621703894, 0.3233008967760124, 0.6519566883306754, 0.3592889267497363, 0.5417422202809108, 0.521368750084083, 0.43438113107875076, 0.5319701688827053, 0.48684521026645633, 0.6251143585890515, 0.40784749349235505, 0.4437120539055165, 0.3495511670299941, 0.39992012287786727, 0.537183140693718, 0.33889663831965666, 0.43175966333991134, 0.44982219294562664, 0.5333573220141917, 0.5392572933612907, 0.33374592956302057, 0.5782983659592283, 0.46026255438956376, 0.5473625064451544, 0.5393069049302492, 0.48416078460760326, 0.46306041301973755, 0.5301159906654509, 0.5265570808315838, 0.4667943902603529, 0.5767352112090349, 0.4453671637472079, 0.3392637158250847, 0.4617876014865256, 0.48925839390455345, 0.437551904022558, 0.4220472100954573, 0.5347310443959178, 0.5016450709342916, 0.5321760602341139, 0.4679814580480826, 0.4182745304860206, 0.5359499236751611, 0.4150791946979113, 0.6815505402276861, 0.43518798646540435, 0.5182115467173222, 0.3665543419962766, 0.5815250490906794, 0.6400851149474543, 0.5530089627700824, 0.600781519889585, 0.7963288041430336, 0.48601389286538405, 0.008397586442020705]",icnn_value_diagnostic
33,96,24,27,26,MPC-3,0.3033366580170088,0.12499999792752975,4.071284758648902,4.128176519091383,True,232.05598731954512,-16.584457405480478,1658.4457405480478,"[1.0, 1.0, 1.0, 1.0, 1.0]",exact,1517.3544832948273,8.90399980545044,2,0.0,,"[0.574468085106383, 0.8663579297199318, 0.8838154208776469, 0.8531318494566883, 0.8602682689438893, 0.8448721216043423, 0.6697712179623764, 1.0321242639796226, 0.7956389919478539, 0.8721254097447086, 1.0207868954417922, 0.48469660715152185, 0.9421901378517, 0.7465260734878557, 0.8575115019619527, 0.8219489805946096, 0.9051814451874773, 0.8454125276481027, 0.8109705371544318, 0.8551309292819312, 1.0448513643662158, 0.6611331440831122, 0.9004097170728765, 0.6801643537931098, 0.7222228820546301, 0.869465487592192, 0.8922649156350851, 0.9575477083671092, 0.9089104604110844, 0.8260653827817995, 0.9707500730508501, 0.9388084671246227, 0.884914809483611, 0.743937140479921, 0.8545323861150272, 0.7392702471126723, 0.786131176716799, 0.9462398142330265, 0.7978600131927641, 0.8906087166355658, 1.0802779576114216, 0.9880893820272043, 0.6972849748103201, 0.8480656656849379, 0.8131875064062596, 0.6882736554252575, 0.7517618185290998, 0.684788903404845, 0.8246948287392549, 1.0254697013409686, 0.8481457510698134, 0.85554452793493, 0.7265723868735083, 0.826333075009447, 0.6595452020371317, 0.9234798571064828, 0.765640770584201, 0.7701878426074396, 0.8999047628034155, 0.6534299811533965, 0.8835506255301426, 0.721402921585875, 0.9382182250423392, 0.8095514681162057, 0.90493133802658, 0.6555792429685424, 0.7030630265374772, 0.3033363546806542, -9.210974799428557e-10]",icnn_value_diagnostic
33,96,32,35,34,MPC-3,1.0,0.1249999998719104,4.150042289061553,4.1029976208647145,True,585.7454940312731,-11.050530717003069,1105.0530717003069,"[1.0, -0.8122606548415934, 1.0, 1.0, 1.0]",exact,886.6633895574729,4.631999969482422,2,0.0,,"[0.7446808510638298, 0.8967093065026154, 0.8668394618804595, 0.7784038104928922, 0.918562325950707, 0.7928852304742025, 0.67104637720204, 0.6469214795917899, 0.8624039047118772, 0.7104790893256123, 0.9342610410079092, 0.7349560302691711, 0.9496119618592269, 0.8571061124878087, 0.9635739644094168, 1.005343671098258, 0.947658564921751, 0.5657456286624435, 0.8507154993266779, 0.7916996081235563, 0.8780254836291338, 0.8332841272890434, 0.7700852041834022, 0.9919159138909357, 1.0729571225072014, 1.0242668665972783, 0.8250472507591258, 0.8862902614237961, 0.7187462527967272, 0.8290203558921639, 0.8881284278716396, 0.7562986801655572, 1.0240286915170682, 0.4929445908688924, 0.9249320222872478, 0.6679606338695415, 0.9050095518857549, 0.9366580845152057, 0.7027913476198507, 0.7113492105368683, 0.9132616582094142, 0.9378810003060678, 0.9144254851915712, 0.5855245171559174, 0.9899405719693148, 0.9302161695980613, 0.8285908756251639, 0.8375393535972077, 0.8681705584993153, 0.7536266424445188, 1.019681648428874, 1.0448231698928852, 0.8497018339264581, 0.9184595978347706, 0.7680765153835735, 0.8454551392242255, 0.8769138151207048, 0.8774381863043613, 0.7996182582895174, 0.5951327231114842, 0.702626940218929, 0.8797442511648169, 0.8890484262853421, 0.8095417191320314, 0.8203454528246857, 0.08527601015037548, 0.8159408532987991, 0.9999990000010001, -5.6928683359084946e-11]",icnn_value_diagnostic
33,96,40,43,42,MPC-3,1.0,0.12499999981186825,3.265801705902871,3.3614262586380654,True,1206.5940205952543,-4.698641731171054,469.8641731171054,"[1.0, 1.0, 1.0, 1.0, -1.0]",exact,332.711669153946,0.14100003242492676,2,0.0,,"[0.9148936170212766, 0.4456571158247354, 0.4794806692862761, 0.4454920001350607, 0.4705718505849511, 0.598963549956521, 0.6087099725586655, 0.38498573570598593, 0.48297415156965384, 0.4422691049026889, 0.5701303484464962, 0.4801694217346581, 0.5257502251315593, 0.32429203776808585, 0.6041198343676569, 0.5689836388484123, 0.3186290895538807, 0.5183767302290032, 0.36889713656226436, 0.43797196477246325, 0.43808276901184584, 0.8027567655631556, 0.5184853710938188, 0.4140231671953889, 0.39845131690042923, 0.22792546572789282, 0.5765754771625491, 0.49888532991259543, 0.5114583352768615, 0.5608283692540863, 0.5473650903361419, 0.3995752108291411, 0.28889061075192957, 0.4210872296025051, 0.3120410440028343, 0.3594552317027882, 0.4325593757593993, 0.47710535735777204, 0.6235554093092878, 0.586598915574715, 0.5382969419135682, 0.5737539784725806, 0.3895402847002808, 0.3820701447669553, 0.4147982699705411, 0.6674292007577435, 0.5095020757182673, 0.4943031795542827, 0.4029987236125053, 0.5841033107290203, 0.6445841468287287, 0.43256460246225736, 0.548112302321238, 0.5052146325727145, 0.5395102383185526, 0.5936571154079138, 0.45165061037012516, 0.6967554935615048, 0.38630583433246374, 0.5526253335851079, 0.36299696345808813, 0.5021997745264595, 0.4885594859496905, 0.6838386801398688, 0.5622386641770146, 0.0, 0.7037742326264986, 0.9999990000010001, -8.361407230157635e-11]",icnn_value_diagnostic
33,96,0,3,2,Proposed-H3,0.6,2.0,2.55438149584852,2.5787739831932615,True,48.073683528510855,-14.119729991556017,1411.9729991556017,"[1.0, 1.0, 1.0, 1.0, 1.0]",exact,1223.3321741628172,19.462000131607056,2,0.0,,"[0.06382978723404255, 0.030108614714693914, 0.2483373269809879, 0.04100809177421122, 0.2597617959392954, 0.13620626940113956, 0.2840017933879319, 0.12027303525788538, 0.19366467116018823, 0.27038853464561413, 0.2836032480041737, 0.07547637400842835, 0.36075283761953736, 0.1388087871433487, 0.16475630634004412, 0.06687142100448397, 0.059747554607142414, 0.028856550184026754, 0.06651272118248458, 0.1940804592322979, 0.06562213458602548, 0.0014681429376758631, 0.19190851975766335, 0.10232589040125868, 0.010455595212999342, 0.192092912419788, 0.1322539465834423, -0.005544636894933678, 0.17196349605834935, 0.2534718109098566, 0.2572886990688833, 0.30680025416715884, 0.27120388869292866, 0.053071307630086065, 0.12045878104390077, 0.25634998017945676, 0.24373569105454912, 0.22876452946969683, 0.39734733229555735, 0.1297441262490956, 0.11699779385154929, 0.28787281983757346, 0.14482833171862236, 0.49459515025955697, 0.2060705683086469, 0.31856874933809937, 0.19129430955370694, 0.08790012863560319, -0.0616193355320223, 0.088245784780275, 0.1913053622663458, 0.33061812217368636, 0.29825600511917266, 0.06345283831797548, 0.11597805260633516, 0.12236128417583736, 0.052441563247748596, 0.1822177332329105, 0.1687151196044743, 0.1146241965454126, 0.1619996839182824, 0.18028661707016727, 0.15587061689598403, 0.19270324638857375, 0.2634463064986389, 0.0, 0.7514603688966076, 0.5999994000006, 0.8333329629631275]",icnn_value_diagnostic
33,96,8,11,10,Proposed-H3,1.0,0.430091916440241,2.6089640877936375,2.5233990065074523,True,105.62657788496522,-16.66171929718197,1666.1719297181971,"[1.0, 1.0, 1.0, 1.0, -1.0]",exact,1213.0610621607318,11.29800009727478,2,0.0,,"[0.23404255319148937, 0.20664549449969224, 0.016905875073075692, 0.13733522498014974, -0.02687953179492571, 0.05631007256196747, 0.20540234594604825, 0.26077148099348224, 0.11179246512120192, 0.18468207679244222, 0.12279115168369358, 0.1102265314249348, 0.18072206939564006, 0.19809075873289542, 0.2014698808897593, 0.11512964847434587, 0.06377144319970453, 0.16344533924046675, 0.12500932784629182, 0.2457844531937945, 0.07672730733629712, 0.17959868971752457, 0.07436747180377684, 0.2244359840744376, 0.22022794897330178, 0.20147363874476854, 0.101229537768812, 0.10226318820017215, 0.4327414313370325, 0.2448029665004073, 0.03517940732472079, 0.057929915654722795, 0.08336758903942923, 0.17110999843681707, 0.09245904807568676, 0.055497226725505645, 0.16949740952774672, 0.10824817962461196, 0.020411435510398215, 0.060200330702422526, 0.19184130761643028, 0.19117740463184718, 0.24894852262818484, 0.2395140642528672, 0.1319730618187388, 0.2375435457722145, 0.26773035730715344, 0.07632719012143502, 0.24157839852222238, 0.07357535512213063, 0.1853069307407158, 0.25118413957816593, 0.16936095017946198, 0.22406440603140987, 0.10885778703536202, 0.15597345056962444, 0.07090826984526931, 0.12673801530676276, 0.1982357529986264, 0.2018078728165655, 0.0794177064287989, 0.3480154371829912, 0.2492936488395892, 0.05365956296804276, 0.10074142356858913, 0.0, 0.8393326696737228, 0.9999990000010001, 0.13559634704173062]",icnn_value_diagnostic
33,96,16,19,18,Proposed-H3,1.0,0.6261057279761917,3.309955901489278,3.381677748351176,True,209.30662431700603,-14.803887769084069,1480.388776908407,"[1.0, 1.0, 1.0, 1.0, -1.0]",exact,1109.990992865227,8.545000076293945,2,0.0,,"[0.40425531914893614, 0.5048543680808999, 0.552611242479797, 0.6178387799197266, 0.5259279166710124, 0.4973089134339073, 0.4941872973579872, 0.6207380604976892, 0.46882840327979175, 0.4036486305445406, 0.3549050026207965, 0.5171654046511668, 0.2673612465257345, 0.42729393352487366, 0.4989650621703894, 0.3233008967760124, 0.6519566883306754, 0.3592889267497363, 0.5417422202809108, 0.521368750084083, 0.43438113107875076, 0.5319701688827053, 0.48684521026645633, 0.6251143585890515, 0.40784749349235505, 0.4437120539055165, 0.3495511670299941, 0.39992012287786727, 0.537183140693718, 0.33889663831965666, 0.43175966333991134, 0.44982219294562664, 0.5333573220141917, 0.5392572933612907, 0.33374592956302057, 0.5782983659592283, 0.46026255438956376, 0.5473625064451544, 0.5393069049302492, 0.48416078460760326, 0.46306041301973755, 0.5301159906654509, 0.5265570808315838, 0.4667943902603529, 0.5767352112090349, 0.4453671637472079, 0.3392637158250847, 0.4617876014865256, 0.48925839390455345, 0.437551904022558, 0.4220472100954573, 0.5347310443959178, 0.5016450709342916, 0.5321760602341139, 0.4679814580480826, 0.4182745304860206, 0.5359499236751611, 0.4150791946979113, 0.6815505402276861, 0.43518798646540435, 0.5182115467173222, 0.3665543419962766, 0.5815250490906794, 0.6400851149474543, 0.5530089627700824, 0.600781519889585, 0.7963288041430336, 0.9999990000010001, 0.2227135578945039]",icnn_value_diagnostic
33,96,24,27,26,Proposed-H3,1.0,2.37499999997685,4.071284758648902,4.128176519091383,True,246.38774276549498,-12.785504925533886,1278.5504925533885,"[1.0, 1.0, 1.0, 1.0, -1.0]",exact,1074.7523763476427,5.962000131607056,2,0.0,,"[0.574468085106383, 0.8663579297199318, 0.8838154208776469, 0.8531318494566883, 0.8602682689438893, 0.8448721216043423, 0.6697712179623764, 1.0321242639796226, 0.7956389919478539, 0.8721254097447086, 1.0207868954417922, 0.48469660715152185, 0.9421901378517, 0.7465260734878557, 0.8575115019619527, 0.8219489805946096, 0.9051814451874773, 0.8454125276481027, 0.8109705371544318, 0.8551309292819312, 1.0448513643662158, 0.6611331440831122, 0.9004097170728765, 0.6801643537931098, 0.7222228820546301, 0.869465487592192, 0.8922649156350851, 0.9575477083671092, 0.9089104604110844, 0.8260653827817995, 0.9707500730508501, 0.9388084671246227, 0.884914809483611, 0.743937140479921, 0.8545323861150272, 0.7392702471126723, 0.786131176716799, 0.9462398142330265, 0.7978600131927641, 0.8906087166355658, 1.0802779576114216, 0.9880893820272043, 0.6972849748103201, 0.8480656656849379, 0.8131875064062596, 0.6882736554252575, 0.7517618185290998, 0.684788903404845, 0.8246948287392549, 1.0254697013409686, 0.8481457510698134, 0.85554452793493, 0.7265723868735083, 0.826333075009447, 0.6595452020371317, 0.9234798571064828, 0.765640770584201, 0.7701878426074396, 0.8999047628034155, 0.6534299811533965, 0.8835506255301426, 0.721402921585875, 0.9382182250423392, 0.8095514681162057, 0.90493133802658, 0.6555792429685424, 0.7030630265374772, 0.9999990000010001, 0.9999995555454642]",icnn_value_diagnostic
33,96,32,35,34,Proposed-H3,1.0,0.7366263997727642,4.150042289061553,4.1029976208647145,True,414.06759370105993,-10.38769003587439,1038.769003587439,"[-1.0, -1.0, 1.0, 1.0, 1.0]",exact,795.4641559690585,0.4010000228881836,2,0.0,,"[0.7446808510638298, 0.8967093065026154, 0.8668394618804595, 0.7784038104928922, 0.918562325950707, 0.7928852304742025, 0.67104637720204, 0.6469214795917899, 0.8624039047118772, 0.7104790893256123, 0.9342610410079092, 0.7349560302691711, 0.9496119618592269, 0.8571061124878087, 0.9635739644094168, 1.005343671098258, 0.947658564921751, 0.5657456286624435, 0.8507154993266779, 0.7916996081235563, 0.8780254836291338, 0.8332841272890434, 0.7700852041834022, 0.9919159138909357, 1.0729571225072014, 1.0242668665972783, 0.8250472507591258, 0.8862902614237961, 0.7187462527967272, 0.8290203558921639, 0.8881284278716396, 0.7562986801655572, 1.0240286915170682, 0.4929445908688924, 0.9249320222872478, 0.6679606338695415, 0.9050095518857549, 0.9366580845152057, 0.7027913476198507, 0.7113492105368683, 0.9132616582094142, 0.9378810003060678, 0.9144254851915712, 0.5855245171559174, 0.9899405719693148, 0.9302161695980613, 0.8285908756251639, 0.8375393535972077, 0.8681705584993153, 0.7536266424445188, 1.019681648428874, 1.0448231698928852, 0.8497018339264581, 0.9184595978347706, 0.7680765153835735, 0.8454551392242255, 0.8769138151207048, 0.8774381863043613, 0.7996182582895174, 0.5951327231114842, 0.702626940218929, 0.8797442511648169, 0.8890484262853421, 0.8095417191320314, 0.8203454528246857, 0.08527601015037548, 0.8159408532987991, 0.9999990000010001, 0.27183383463952426]",icnn_value_diagnostic
33,96,40,43,42,Proposed-H3,1.0,0.125,3.265801705902871,3.3614262586380654,True,898.8142600992695,-4.698641730925789,469.8641730925789,"[1.0, 1.0, 1.0, 1.0, -1.0]",exact,332.71166912956403,0.11999988555908203,2,0.0,,"[0.9148936170212766, 0.4456571158247354, 0.4794806692862761, 0.4454920001350607, 0.4705718505849511, 0.598963549956521, 0.6087099725586655, 0.38498573570598593, 0.48297415156965384, 0.4422691049026889, 0.5701303484464962, 0.4801694217346581, 0.5257502251315593, 0.32429203776808585, 0.6041198343676569, 0.5689836388484123, 0.3186290895538807, 0.5183767302290032, 0.36889713656226436, 0.43797196477246325, 0.43808276901184584, 0.8027567655631556, 0.5184853710938188, 0.4140231671953889, 0.39845131690042923, 0.22792546572789282, 0.5765754771625491, 0.49888532991259543, 0.5114583352768615, 0.5608283692540863, 0.5473650903361419, 0.3995752108291411, 0.28889061075192957, 0.4210872296025051, 0.3120410440028343, 0.3594552317027882, 0.4325593757593993, 0.47710535735777204, 0.6235554093092878, 0.586598915574715, 0.5382969419135682, 0.5737539784725806, 0.3895402847002808, 0.3820701447669553, 0.4147982699705411, 0.6674292007577435, 0.5095020757182673, 0.4943031795542827, 0.4029987236125053, 0.5841033107290203, 0.6445841468287287, 0.43256460246225736, 0.548112302321238, 0.5052146325727145, 0.5395102383185526, 0.5936571154079138, 0.45165061037012516, 0.6967554935615048, 0.38630583433246374, 0.5526253335851079, 0.36299696345808813, 0.5021997745264595, 0.4885594859496905, 0.6838386801398688, 0.5622386641770146, 0.0, 0.7037742326264986, 0.9999990000010001, 0.0]",icnn_value_diagnostic
